-- ===========================================
-- COMPLETE SUPABASE DATABASE SCHEMA AND DATA
-- Generated on: 2025-07-11T11:27:48.093Z
-- ===========================================

-- Enable UUID extension
CREATE EXTENSION IF NOT EXISTS "uuid-ossp";

-- Create profiles table (users)
CREATE TABLE profiles (
    id UUID PRIMARY KEY DEFAULT uuid_generate_v4(),
    first_name TEXT NOT NULL,
    last_name TEXT NOT NULL,
    role TEXT NOT NULL CHECK (role IN ('admin', 'client', 'ADMIN', 'CLIENT')),
    is_active BOOLEAN DEFAULT TRUE,
    created_at TIMESTAMP WITH TIME ZONE DEFAULT NOW(),
    updated_at TIMESTAMP WITH TIME ZONE DEFAULT NOW()
);

-- Create assessments table
CREATE TABLE assessments (
    id UUID PRIMARY KEY DEFAULT uuid_generate_v4(),
    title TEXT NOT NULL,
    description TEXT NOT NULL,
    is_active BOOLEAN DEFAULT TRUE,
    created_by UUID NOT NULL REFERENCES profiles(id) ON DELETE CASCADE,
    created_at TIMESTAMP WITH TIME ZONE DEFAULT NOW(),
    updated_at TIMESTAMP WITH TIME ZONE DEFAULT NOW()
);

-- Create topics table
CREATE TABLE topics (
    id UUID PRIMARY KEY DEFAULT uuid_generate_v4(),
    title TEXT NOT NULL,
    description TEXT NOT NULL,
    assessment_id UUID NOT NULL REFERENCES assessments(id) ON DELETE CASCADE,
    sequence_number INTEGER,
    icon TEXT, -- Lucide React icon name (e.g., 'Database', 'Shield', 'Cloud')
    is_active BOOLEAN DEFAULT TRUE,
    created_by UUID NOT NULL REFERENCES profiles(id) ON DELETE CASCADE,
    created_at TIMESTAMP WITH TIME ZONE DEFAULT NOW(),
    updated_at TIMESTAMP WITH TIME ZONE DEFAULT NOW()
);

-- Create questions table
CREATE TABLE questions (
    id UUID PRIMARY KEY DEFAULT uuid_generate_v4(),
    question TEXT NOT NULL,
    type TEXT NOT NULL CHECK (type IN ('multiple_choice', 'yes_no', 'free_text')),
    topic_id UUID NOT NULL REFERENCES topics(id) ON DELETE CASCADE,
    sequence_number INTEGER,
    is_active BOOLEAN DEFAULT TRUE,
    created_by UUID NOT NULL REFERENCES profiles(id) ON DELETE CASCADE,
    created_at TIMESTAMP WITH TIME ZONE DEFAULT NOW(),
    updated_at TIMESTAMP WITH TIME ZONE DEFAULT NOW()
);

-- Create answers table
CREATE TABLE answers (
    id UUID PRIMARY KEY DEFAULT uuid_generate_v4(),
    text TEXT NOT NULL,
    is_correct BOOLEAN,
    marks TEXT,
    comment TEXT,
    question_id UUID NOT NULL REFERENCES questions(id) ON DELETE CASCADE,
    created_at TIMESTAMP WITH TIME ZONE DEFAULT NOW(),
    updated_at TIMESTAMP WITH TIME ZONE DEFAULT NOW()
);

-- Create assessment_assignments table
CREATE TABLE assessment_assignments (
    id UUID PRIMARY KEY DEFAULT uuid_generate_v4(),
    user_id UUID NOT NULL REFERENCES profiles(id) ON DELETE CASCADE,
    assessment_id UUID NOT NULL REFERENCES assessments(id) ON DELETE CASCADE,
    assigned_by UUID NOT NULL REFERENCES profiles(id) ON DELETE CASCADE,
    assigned_at TIMESTAMP WITH TIME ZONE DEFAULT NOW(),
    due_date TIMESTAMP WITH TIME ZONE,
    status TEXT DEFAULT 'assigned' CHECK (status IN ('assigned', 'in_progress', 'completed', 'overdue')),
    scope TEXT DEFAULT 'full',
    created_at TIMESTAMP WITH TIME ZONE DEFAULT NOW(),
    updated_at TIMESTAMP WITH TIME ZONE DEFAULT NOW(),
    UNIQUE(user_id, assessment_id)
);

-- Create assessment_submissions table
CREATE TABLE assessment_submissions (
    id UUID PRIMARY KEY DEFAULT uuid_generate_v4(),
    user_id UUID NOT NULL REFERENCES profiles(id) ON DELETE CASCADE,
    assessment_id UUID NOT NULL REFERENCES assessments(id) ON DELETE CASCADE,
    assignment_id UUID REFERENCES assessment_assignments(id) ON DELETE CASCADE,
    submitted_at TIMESTAMP WITH TIME ZONE DEFAULT NOW(),
    status TEXT DEFAULT 'in_progress' CHECK (status IN ('in_progress', 'submitted', 'reviewed')),
    score DECIMAL(5,2),
    max_score DECIMAL(5,2),
    created_at TIMESTAMP WITH TIME ZONE DEFAULT NOW(),
    updated_at TIMESTAMP WITH TIME ZONE DEFAULT NOW()
);

-- Create topic_assignments table
CREATE TABLE topic_assignments (
    id UUID PRIMARY KEY DEFAULT uuid_generate_v4(),
    submission_id UUID NOT NULL REFERENCES assessment_submissions(id) ON DELETE CASCADE,
    topic_id UUID NOT NULL REFERENCES topics(id) ON DELETE CASCADE,
    status TEXT DEFAULT 'not_started' CHECK (status IN ('not_started', 'in_progress', 'completed')),
    score DECIMAL(5,2),
    max_score DECIMAL(5,2),
    started_at TIMESTAMP WITH TIME ZONE,
    completed_at TIMESTAMP WITH TIME ZONE,
    created_at TIMESTAMP WITH TIME ZONE DEFAULT NOW(),
    updated_at TIMESTAMP WITH TIME ZONE DEFAULT NOW(),
    UNIQUE(submission_id, topic_id)
);

-- Create submitted_answers table
CREATE TABLE submitted_answers (
    id UUID PRIMARY KEY DEFAULT uuid_generate_v4(),
    submission_id UUID NOT NULL REFERENCES assessment_submissions(id) ON DELETE CASCADE,
    question_id UUID NOT NULL REFERENCES questions(id) ON DELETE CASCADE,
    answer_id UUID REFERENCES answers(id) ON DELETE CASCADE,
    text_answer TEXT,
    score DECIMAL(5,2),
    submitted_at TIMESTAMP WITH TIME ZONE DEFAULT NOW(),
    created_at TIMESTAMP WITH TIME ZONE DEFAULT NOW(),
    updated_at TIMESTAMP WITH TIME ZONE DEFAULT NOW(),
    UNIQUE(submission_id, question_id)
);

-- Create indexes for better performance
CREATE INDEX idx_assessments_created_by ON assessments(created_by);
CREATE INDEX idx_topics_assessment_id ON topics(assessment_id);
CREATE INDEX idx_topics_sequence_number ON topics(sequence_number);
CREATE INDEX idx_questions_topic_id ON questions(topic_id);
CREATE INDEX idx_questions_sequence_number ON questions(sequence_number);
CREATE INDEX idx_answers_question_id ON answers(question_id);
CREATE INDEX idx_assessment_assignments_user_id ON assessment_assignments(user_id);
CREATE INDEX idx_assessment_assignments_assessment_id ON assessment_assignments(assessment_id);
CREATE INDEX idx_assessment_submissions_user_id ON assessment_submissions(user_id);
CREATE INDEX idx_assessment_submissions_assessment_id ON assessment_submissions(assessment_id);
CREATE INDEX idx_topic_assignments_submission_id ON topic_assignments(submission_id);
CREATE INDEX idx_topic_assignments_topic_id ON topic_assignments(topic_id);
CREATE INDEX idx_submitted_answers_submission_id ON submitted_answers(submission_id);
CREATE INDEX idx_submitted_answers_question_id ON submitted_answers(question_id);

-- Create updated_at triggers
CREATE OR REPLACE FUNCTION update_updated_at_column()
RETURNS TRIGGER AS $$
BEGIN
    NEW.updated_at = NOW();
    RETURN NEW;
END;
$$ language 'plpgsql';

CREATE TRIGGER update_profiles_updated_at BEFORE UPDATE ON profiles
    FOR EACH ROW EXECUTE FUNCTION update_updated_at_column();

CREATE TRIGGER update_assessments_updated_at BEFORE UPDATE ON assessments
    FOR EACH ROW EXECUTE FUNCTION update_updated_at_column();

CREATE TRIGGER update_topics_updated_at BEFORE UPDATE ON topics
    FOR EACH ROW EXECUTE FUNCTION update_updated_at_column();

CREATE TRIGGER update_questions_updated_at BEFORE UPDATE ON questions
    FOR EACH ROW EXECUTE FUNCTION update_updated_at_column();

CREATE TRIGGER update_answers_updated_at BEFORE UPDATE ON answers
    FOR EACH ROW EXECUTE FUNCTION update_updated_at_column();

CREATE TRIGGER update_assessment_assignments_updated_at BEFORE UPDATE ON assessment_assignments
    FOR EACH ROW EXECUTE FUNCTION update_updated_at_column();

CREATE TRIGGER update_assessment_submissions_updated_at BEFORE UPDATE ON assessment_submissions
    FOR EACH ROW EXECUTE FUNCTION update_updated_at_column();

CREATE TRIGGER update_topic_assignments_updated_at BEFORE UPDATE ON topic_assignments
    FOR EACH ROW EXECUTE FUNCTION update_updated_at_column();

CREATE TRIGGER update_submitted_answers_updated_at BEFORE UPDATE ON submitted_answers
    FOR EACH ROW EXECUTE FUNCTION update_updated_at_column();

-- Enable Row Level Security
ALTER TABLE profiles ENABLE ROW LEVEL SECURITY;
ALTER TABLE assessments ENABLE ROW LEVEL SECURITY;
ALTER TABLE topics ENABLE ROW LEVEL SECURITY;
ALTER TABLE questions ENABLE ROW LEVEL SECURITY;
ALTER TABLE answers ENABLE ROW LEVEL SECURITY;
ALTER TABLE assessment_assignments ENABLE ROW LEVEL SECURITY;
ALTER TABLE assessment_submissions ENABLE ROW LEVEL SECURITY;
ALTER TABLE topic_assignments ENABLE ROW LEVEL SECURITY;
ALTER TABLE submitted_answers ENABLE ROW LEVEL SECURITY;

-- ===========================================
-- INSERT ALL EXISTING DATA FROM SUPABASE
-- ===========================================


-- Insert profiles data (4 records)
INSERT INTO profiles (id, first_name, last_name, role, is_active, created_at, updated_at) VALUES ('6b5b34bd-b616-449b-ba94-c433b3a89d5c', 'Vijay', 'Dixit', 'ADMIN', true, '2025-02-28T09:46:14+00:00', '2025-02-28T09:46:18+00:00');
INSERT INTO profiles (id, first_name, last_name, role, is_active, created_at, updated_at) VALUES ('73d6ca9f-6cd4-4eb4-a15d-166d21766faf', 'First Test', 'Client', 'CLIENT', true, '2025-02-28T09:47:02.128019+00:00', '2025-03-02T12:24:40.877299+00:00');
INSERT INTO profiles (id, first_name, last_name, role, is_active, created_at, updated_at) VALUES ('1141658a-2434-48af-8e55-96307bd240fd', 'Second', 'Updated', 'ADMIN', true, '2025-03-01T13:00:35.2709+00:00', '2025-03-02T12:24:24.513848+00:00');
INSERT INTO profiles (id, first_name, last_name, role, is_active, created_at, updated_at) VALUES ('4bffc056-a348-481b-a49e-f5d191ac203e', 'Second', 'Client', 'CLIENT', true, '2025-03-01T13:00:53.679131+00:00', '2025-03-02T12:24:51.985419+00:00');

-- Insert assessments data (8 records)
INSERT INTO assessments (id, title, description, is_active, created_by, created_at, updated_at) VALUES ('0697e0f1-b519-4b7d-9146-4b8dbc34afe9', 'High Level IT Portfolio Analysis', 'This is a comprehensive assessment for an organization to assess the IT portfolio assets', true, '6b5b34bd-b616-449b-ba94-c433b3a89d5c', '2025-03-01T07:18:18.988491+00:00', '2025-03-03T15:05:34.291121+00:00');
INSERT INTO assessments (id, title, description, is_active, created_by, created_at, updated_at) VALUES ('7c014a03-68f4-44e4-bc08-0098eb274fa4', 'DevOps Assessment', 'Assess the DevOps capabilities of the organization ', true, '6b5b34bd-b616-449b-ba94-c433b3a89d5c', '2025-03-01T07:56:50.153441+00:00', '2025-03-03T16:15:12.82046+00:00');
INSERT INTO assessments (id, title, description, is_active, created_by, created_at, updated_at) VALUES ('1870e009-f8d3-4541-b715-c012897d631e', 'Application Architecture', 'This will contain topics specific to application or software system architecture.', true, '6b5b34bd-b616-449b-ba94-c433b3a89d5c', '2025-03-03T15:02:29.356316+00:00', '2025-03-03T15:02:29.356316+00:00');
INSERT INTO assessments (id, title, description, is_active, created_by, created_at, updated_at) VALUES ('2b1ba026-effc-4c85-b7e5-b1c26b197a68', 'Data Architecture', 'Topics related to database assessment of a specific system', true, '6b5b34bd-b616-449b-ba94-c433b3a89d5c', '2025-03-03T15:03:27.528056+00:00', '2025-03-03T15:03:27.528056+00:00');
INSERT INTO assessments (id, title, description, is_active, created_by, created_at, updated_at) VALUES ('44f429e9-87e5-46d3-9338-c16ca5b52c27', 'Infrastructure Architecture', 'Topics related to infrastructure of an org', true, '6b5b34bd-b616-449b-ba94-c433b3a89d5c', '2025-03-03T15:05:07.63039+00:00', '2025-03-03T15:05:07.63039+00:00');
INSERT INTO assessments (id, title, description, is_active, created_by, created_at, updated_at) VALUES ('f5b59235-248c-490b-9020-7345529a56a3', 'AI Readiness Assessment', 'A comprehensive assessment to evaluate your organization''s readiness for AI adoption across key dimensions including strategy, technology, data, operations, talent, finance, governance, and department-specific factors.', true, '1141658a-2434-48af-8e55-96307bd240fd', '2025-07-11T05:54:46.256745+00:00', '2025-07-11T05:54:46.256745+00:00');
INSERT INTO assessments (id, title, description, is_active, created_by, created_at, updated_at) VALUES ('771f21c7-79dd-4e3c-ad2a-ecab16983ec2', 'Application Modernization Assessment', 'A comprehensive assessment to evaluate your application''s modernization level across architecture, development practices, scalability, security, user experience, and business agility.', true, '1141658a-2434-48af-8e55-96307bd240fd', '2025-07-11T06:07:07.558099+00:00', '2025-07-11T06:07:07.558099+00:00');
INSERT INTO assessments (id, title, description, is_active, created_by, created_at, updated_at) VALUES ('844545ab-78a1-45a9-8529-6f43b2db56cf', 'Database Architecture Assessment', 'A comprehensive 40-question assessment designed for Database Owners to evaluate their database environment across critical categories: infrastructure, compute capacity, data architecture principles, security, data lifecycle, data quality, data governance, and NFR (Non-Functional Requirements).', true, '1141658a-2434-48af-8e55-96307bd240fd', '2025-07-11T08:45:41.917044+00:00', '2025-07-11T08:45:41.917044+00:00');

-- Insert topics data (29 records) with icons
INSERT INTO topics (id, title, description, assessment_id, sequence_number, icon, is_active, created_by, created_at, updated_at) VALUES ('301564b1-8ad6-41de-87c5-d9949bc6ce57', 'General Org Information ', 'Stakeholders, POC, Priorities etc', '0697e0f1-b519-4b7d-9146-4b8dbc34afe9', 1, NULL, true, '1141658a-2434-48af-8e55-96307bd240fd', '2025-03-02T15:33:37.886439+00:00', '2025-03-03T10:48:52.35465+00:00');
INSERT INTO topics (id, title, description, assessment_id, sequence_number, icon, is_active, created_by, created_at, updated_at) VALUES ('2e2dc014-b986-4373-b7c9-24f4ad9425b9', 'Business Architecture', 'Goals, Objectives, Vision, Capabilities (L1,L2,L3) and business processes of the organization', '0697e0f1-b519-4b7d-9146-4b8dbc34afe9', 2, 'Target', true, '6b5b34bd-b616-449b-ba94-c433b3a89d5c', '2025-03-01T07:19:06.545089+00:00', '2025-07-11T11:24:52.066432+00:00');
INSERT INTO topics (id, title, description, assessment_id, sequence_number, icon, is_active, created_by, created_at, updated_at) VALUES ('4025016e-47b0-47f4-91f9-d7f62f0de8d2', 'Architecture', 'Evaluates the application''s architectural patterns and design principles', '771f21c7-79dd-4e3c-ad2a-ecab16983ec2', 1, 'Layers', true, '1141658a-2434-48af-8e55-96307bd240fd', '2025-07-11T06:07:07.707713+00:00', '2025-07-11T11:24:49.856046+00:00');
INSERT INTO topics (id, title, description, assessment_id, sequence_number, icon, is_active, created_by, created_at, updated_at) VALUES ('15e1e462-9023-4f0c-8eeb-55c8b0a836b0', 'Development & Deployment', 'Assesses modern development and deployment practices', '771f21c7-79dd-4e3c-ad2a-ecab16983ec2', 2, NULL, true, '1141658a-2434-48af-8e55-96307bd240fd', '2025-07-11T06:07:09.041232+00:00', '2025-07-11T06:07:09.041232+00:00');
INSERT INTO topics (id, title, description, assessment_id, sequence_number, icon, is_active, created_by, created_at, updated_at) VALUES ('1644b877-2133-4874-a883-7500b81959de', 'Scalability & Performance', 'Evaluates scalability and performance capabilities', '771f21c7-79dd-4e3c-ad2a-ecab16983ec2', 3, NULL, true, '1141658a-2434-48af-8e55-96307bd240fd', '2025-07-11T06:07:09.837935+00:00', '2025-07-11T06:07:09.837935+00:00');
INSERT INTO topics (id, title, description, assessment_id, sequence_number, icon, is_active, created_by, created_at, updated_at) VALUES ('0c9519bd-3501-4975-a717-2ba8f98a8ae0', 'Data & Storage', 'Assesses data management and storage approaches', '771f21c7-79dd-4e3c-ad2a-ecab16983ec2', 4, 'Database', true, '1141658a-2434-48af-8e55-96307bd240fd', '2025-07-11T06:07:10.656849+00:00', '2025-07-11T11:24:58.010527+00:00');
INSERT INTO topics (id, title, description, assessment_id, sequence_number, icon, is_active, created_by, created_at, updated_at) VALUES ('aded442b-e469-494c-a97f-32d6b30adc75', 'Security & Compliance', 'Evaluates security measures and compliance standards', '771f21c7-79dd-4e3c-ad2a-ecab16983ec2', 5, NULL, true, '1141658a-2434-48af-8e55-96307bd240fd', '2025-07-11T06:07:11.470592+00:00', '2025-07-11T06:07:11.470592+00:00');
INSERT INTO topics (id, title, description, assessment_id, sequence_number, icon, is_active, created_by, created_at, updated_at) VALUES ('9c854152-99a4-4955-b92f-846e817fa01c', 'User Experience (UX)', 'Assesses modern user experience and interface design', '771f21c7-79dd-4e3c-ad2a-ecab16983ec2', 6, NULL, true, '1141658a-2434-48af-8e55-96307bd240fd', '2025-07-11T06:07:12.742745+00:00', '2025-07-11T06:07:12.742745+00:00');
INSERT INTO topics (id, title, description, assessment_id, sequence_number, icon, is_active, created_by, created_at, updated_at) VALUES ('d7963156-b72a-4b9e-af91-9421bd5a543b', 'Observability & Monitoring', 'Evaluates monitoring, logging, and observability practices', '771f21c7-79dd-4e3c-ad2a-ecab16983ec2', 7, NULL, true, '1141658a-2434-48af-8e55-96307bd240fd', '2025-07-11T06:07:13.538189+00:00', '2025-07-11T06:07:13.538189+00:00');
INSERT INTO topics (id, title, description, assessment_id, sequence_number, icon, is_active, created_by, created_at, updated_at) VALUES ('9d090c32-abcc-40d6-a445-f406f1843744', 'Technical Debt Management', 'Assesses technical debt management and code quality', '771f21c7-79dd-4e3c-ad2a-ecab16983ec2', 8, NULL, true, '1141658a-2434-48af-8e55-96307bd240fd', '2025-07-11T06:07:14.408918+00:00', '2025-07-11T06:07:14.408918+00:00');
INSERT INTO topics (id, title, description, assessment_id, sequence_number, icon, is_active, created_by, created_at, updated_at) VALUES ('211549a5-c202-4675-9c9f-4cc522f95360', 'Backward Compatibility & Lifecycle', 'Evaluates lifecycle management and compatibility practices', '771f21c7-79dd-4e3c-ad2a-ecab16983ec2', 9, 'RotateCcw', true, '1141658a-2434-48af-8e55-96307bd240fd', '2025-07-11T06:07:15.242576+00:00', '2025-07-11T11:24:50.614322+00:00');
INSERT INTO topics (id, title, description, assessment_id, sequence_number, icon, is_active, created_by, created_at, updated_at) VALUES ('64abb326-a579-4c67-aaee-da61640e86c7', 'Business Agility', 'Assesses business agility and adaptability capabilities', '771f21c7-79dd-4e3c-ad2a-ecab16983ec2', 10, 'Zap', true, '1141658a-2434-48af-8e55-96307bd240fd', '2025-07-11T06:07:15.83278+00:00', '2025-07-11T11:24:51.342876+00:00');
INSERT INTO topics (id, title, description, assessment_id, sequence_number, icon, is_active, created_by, created_at, updated_at) VALUES ('005162ce-e08a-497d-955b-d5cc954fcebd', 'Configuration Management', 'Config Management', '7c014a03-68f4-44e4-bc08-0098eb274fa4', 1, 'Settings', true, '6b5b34bd-b616-449b-ba94-c433b3a89d5c', '2025-03-01T07:57:37.258013+00:00', '2025-07-11T11:24:54.239476+00:00');
INSERT INTO topics (id, title, description, assessment_id, sequence_number, icon, is_active, created_by, created_at, updated_at) VALUES ('2bdf6bce-6033-46a3-a29f-03426cab3a92', 'Infrastructure', 'Database platform, hosting environment, scalability, and disaster recovery capabilities', '844545ab-78a1-45a9-8529-6f43b2db56cf', 1, NULL, true, '1141658a-2434-48af-8e55-96307bd240fd', '2025-07-11T08:45:42.058168+00:00', '2025-07-11T08:45:42.058168+00:00');
INSERT INTO topics (id, title, description, assessment_id, sequence_number, icon, is_active, created_by, created_at, updated_at) VALUES ('64200fb5-ce03-46e0-966b-7ed9c23439aa', 'Compute Capacity', 'CPU, RAM resources, performance management, scaling capabilities, and monitoring', '844545ab-78a1-45a9-8529-6f43b2db56cf', 2, 'Cpu', true, '1141658a-2434-48af-8e55-96307bd240fd', '2025-07-11T08:45:42.058168+00:00', '2025-07-11T11:24:53.479593+00:00');
INSERT INTO topics (id, title, description, assessment_id, sequence_number, icon, is_active, created_by, created_at, updated_at) VALUES ('d4aff3d5-6950-4d8a-8844-4bb13044595c', 'Data Architecture Principles & Best Practices', 'Database design, normalization, documentation, standards, and workload support', '844545ab-78a1-45a9-8529-6f43b2db56cf', 3, 'Database', true, '1141658a-2434-48af-8e55-96307bd240fd', '2025-07-11T08:45:42.058168+00:00', '2025-07-11T11:24:54.924294+00:00');
INSERT INTO topics (id, title, description, assessment_id, sequence_number, icon, is_active, created_by, created_at, updated_at) VALUES ('2d0c9f85-f760-4f83-b91a-d9577e73ff6e', 'Security', 'Data encryption, access control, audit logs, security patches, and data masking', '844545ab-78a1-45a9-8529-6f43b2db56cf', 4, NULL, true, '1141658a-2434-48af-8e55-96307bd240fd', '2025-07-11T08:45:42.058168+00:00', '2025-07-11T08:45:42.058168+00:00');
INSERT INTO topics (id, title, description, assessment_id, sequence_number, icon, is_active, created_by, created_at, updated_at) VALUES ('f6e0756d-2d87-4399-9251-fc4b87f9c317', 'Data Lifecycle', 'Data retention, archiving, purging, backups, and change tracking', '844545ab-78a1-45a9-8529-6f43b2db56cf', 5, 'RotateCcw', true, '1141658a-2434-48af-8e55-96307bd240fd', '2025-07-11T08:45:42.058168+00:00', '2025-07-11T11:24:57.061562+00:00');
INSERT INTO topics (id, title, description, assessment_id, sequence_number, icon, is_active, created_by, created_at, updated_at) VALUES ('6f313a34-c980-44c1-a916-e67aab938e1f', 'Data Quality', 'Data validation, duplicate resolution, and quality metrics tracking', '844545ab-78a1-45a9-8529-6f43b2db56cf', 6, 'CheckCircle2', true, '1141658a-2434-48af-8e55-96307bd240fd', '2025-07-11T08:45:42.058168+00:00', '2025-07-11T11:24:57.75877+00:00');
INSERT INTO topics (id, title, description, assessment_id, sequence_number, icon, is_active, created_by, created_at, updated_at) VALUES ('e873c2df-c98e-4040-ae2a-524a17022d7b', 'Data Governance', 'Governance framework and data ownership/stewardship roles', '844545ab-78a1-45a9-8529-6f43b2db56cf', 7, 'FileText', true, '1141658a-2434-48af-8e55-96307bd240fd', '2025-07-11T08:45:42.058168+00:00', '2025-07-11T11:24:55.637332+00:00');
INSERT INTO topics (id, title, description, assessment_id, sequence_number, icon, is_active, created_by, created_at, updated_at) VALUES ('c5972629-9161-4151-841e-c46f3af4484c', 'NFR – Scalability, Performance, Resilience, and More', 'Non-Functional Requirements covering scalability, performance, resilience, availability, reliability, and maintainability', '844545ab-78a1-45a9-8529-6f43b2db56cf', 8, NULL, true, '1141658a-2434-48af-8e55-96307bd240fd', '2025-07-11T08:45:42.058168+00:00', '2025-07-11T08:45:42.058168+00:00');
INSERT INTO topics (id, title, description, assessment_id, sequence_number, icon, is_active, created_by, created_at, updated_at) VALUES ('69a07b3d-4765-4f9b-9739-45cfe39072f3', 'Business Strategy and Objectives', 'Evaluates organizational alignment, leadership support, and strategic planning for AI initiatives', 'f5b59235-248c-490b-9020-7345529a56a3', 1, 'Target', true, '1141658a-2434-48af-8e55-96307bd240fd', '2025-07-11T05:54:46.609065+00:00', '2025-07-11T11:24:52.774111+00:00');
INSERT INTO topics (id, title, description, assessment_id, sequence_number, icon, is_active, created_by, created_at, updated_at) VALUES ('29848f4e-9025-4a26-9220-41bdaf8f0851', 'Technological Infrastructure', 'Assesses the technical foundation and infrastructure readiness to support AI workloads', 'f5b59235-248c-490b-9020-7345529a56a3', 2, NULL, true, '1141658a-2434-48af-8e55-96307bd240fd', '2025-07-11T05:54:48.750963+00:00', '2025-07-11T05:54:48.750963+00:00');
INSERT INTO topics (id, title, description, assessment_id, sequence_number, icon, is_active, created_by, created_at, updated_at) VALUES ('22944f4a-6963-4704-9a9a-76d499b234ff', 'Data Infrastructure and Quality', 'Evaluates data readiness, quality, governance, and infrastructure for AI applications', 'f5b59235-248c-490b-9020-7345529a56a3', 3, 'Database', true, '1141658a-2434-48af-8e55-96307bd240fd', '2025-07-11T05:54:50.217649+00:00', '2025-07-11T11:24:56.330694+00:00');
INSERT INTO topics (id, title, description, assessment_id, sequence_number, icon, is_active, created_by, created_at, updated_at) VALUES ('2adc944e-3668-460d-962e-ec225415d04f', 'Operations and Process Efficiency', 'Assesses operational readiness, process automation opportunities, and deployment workflows', 'f5b59235-248c-490b-9020-7345529a56a3', 4, NULL, true, '1141658a-2434-48af-8e55-96307bd240fd', '2025-07-11T05:54:52.64361+00:00', '2025-07-11T05:54:52.64361+00:00');
INSERT INTO topics (id, title, description, assessment_id, sequence_number, icon, is_active, created_by, created_at, updated_at) VALUES ('90c7f603-b245-4492-8e50-63093166a2e1', 'Talent and Skills', 'Evaluates human resources, skills availability, and organizational readiness for AI adoption', 'f5b59235-248c-490b-9020-7345529a56a3', 5, NULL, true, '1141658a-2434-48af-8e55-96307bd240fd', '2025-07-11T05:54:53.843084+00:00', '2025-07-11T05:54:53.843084+00:00');
INSERT INTO topics (id, title, description, assessment_id, sequence_number, icon, is_active, created_by, created_at, updated_at) VALUES ('76efc19a-7b62-47c1-acc9-d85b094bdc0a', 'Financial Preparedness and ROI', 'Assesses financial readiness, budgeting, and return on investment tracking for AI initiatives', 'f5b59235-248c-490b-9020-7345529a56a3', 6, NULL, true, '1141658a-2434-48af-8e55-96307bd240fd', '2025-07-11T05:54:55.030249+00:00', '2025-07-11T05:54:55.030249+00:00');
INSERT INTO topics (id, title, description, assessment_id, sequence_number, icon, is_active, created_by, created_at, updated_at) VALUES ('cd1a7c9d-747b-4a09-bdb1-9def03e0da89', 'Governance, Compliance, and Ethics', 'Evaluates governance structures, compliance measures, and ethical considerations for AI deployment', 'f5b59235-248c-490b-9020-7345529a56a3', 7, NULL, true, '1141658a-2434-48af-8e55-96307bd240fd', '2025-07-11T05:54:56.205233+00:00', '2025-07-11T05:54:56.205233+00:00');
INSERT INTO topics (id, title, description, assessment_id, sequence_number, icon, is_active, created_by, created_at, updated_at) VALUES ('86299925-337d-4916-b366-de502a892f2c', 'Department-Specific Readiness', 'Assesses department-level readiness and integration capabilities for AI adoption', 'f5b59235-248c-490b-9020-7345529a56a3', 8, NULL, true, '1141658a-2434-48af-8e55-96307bd240fd', '2025-07-11T05:54:57.3756+00:00', '2025-07-11T05:54:57.3756+00:00');

-- Insert questions data (123 records)
INSERT INTO questions (id, question, type, topic_id, sequence_number, is_active, created_by, created_at, updated_at) VALUES ('f0a9f391-c50d-405d-8095-96ea10f17b14', 'What is the tool you use for CI-CD pipeline orchestration', 'free_text', '005162ce-e08a-497d-955b-d5cc954fcebd', 1, true, '6b5b34bd-b616-449b-ba94-c433b3a89d5c', '2025-03-02T11:00:26.235543+00:00', '2025-03-03T16:02:02.584519+00:00');
INSERT INTO questions (id, question, type, topic_id, sequence_number, is_active, created_by, created_at, updated_at) VALUES ('17fb3bdf-624e-40fd-8c8f-f555107c6f05', 'Do you use Version control or Software configuration management system in the organization?', 'yes_no', '005162ce-e08a-497d-955b-d5cc954fcebd', 2, true, '6b5b34bd-b616-449b-ba94-c433b3a89d5c', '2025-03-02T11:28:29.626832+00:00', '2025-03-03T11:49:31.189782+00:00');
INSERT INTO questions (id, question, type, topic_id, sequence_number, is_active, created_by, created_at, updated_at) VALUES ('0b2c9875-4426-497a-a68d-004f30482d3a', 'Which Infrastructure as Code tool do you use?', 'multiple_choice', '005162ce-e08a-497d-955b-d5cc954fcebd', 3, true, '6b5b34bd-b616-449b-ba94-c433b3a89d5c', '2025-03-02T11:45:41.163975+00:00', '2025-03-06T16:38:08.686645+00:00');
INSERT INTO questions (id, question, type, topic_id, sequence_number, is_active, created_by, created_at, updated_at) VALUES ('c0630c07-0e47-42b3-8cf5-259592357dfc', 'Test question', 'free_text', '005162ce-e08a-497d-955b-d5cc954fcebd', 4, false, '1141658a-2434-48af-8e55-96307bd240fd', '2025-03-03T11:50:20.843269+00:00', '2025-03-05T13:17:53.938834+00:00');
INSERT INTO questions (id, question, type, topic_id, sequence_number, is_active, created_by, created_at, updated_at) VALUES ('fd4cce9a-6a00-4f87-8b52-46e20dfdad0e', 'Supports polyglot persistence (multiple database types)?', 'yes_no', '0c9519bd-3501-4975-a717-2ba8f98a8ae0', 1, true, '1141658a-2434-48af-8e55-96307bd240fd', '2025-07-11T06:07:10.773632+00:00', '2025-07-11T06:07:10.773632+00:00');
INSERT INTO questions (id, question, type, topic_id, sequence_number, is_active, created_by, created_at, updated_at) VALUES ('5b5cb4d1-7595-4a06-887f-4fbbe1025ece', 'Uses streaming or real-time data processing technologies?', 'yes_no', '0c9519bd-3501-4975-a717-2ba8f98a8ae0', 2, true, '1141658a-2434-48af-8e55-96307bd240fd', '2025-07-11T06:07:11.02974+00:00', '2025-07-11T06:07:11.02974+00:00');
INSERT INTO questions (id, question, type, topic_id, sequence_number, is_active, created_by, created_at, updated_at) VALUES ('d685d417-1b8c-4829-827e-badb80553441', 'Ensures data governance & compliance (encryption, privacy, regulations)?', 'yes_no', '0c9519bd-3501-4975-a717-2ba8f98a8ae0', 3, true, '1141658a-2434-48af-8e55-96307bd240fd', '2025-07-11T06:07:11.239668+00:00', '2025-07-11T06:07:11.239668+00:00');
INSERT INTO questions (id, question, type, topic_id, sequence_number, is_active, created_by, created_at, updated_at) VALUES ('97a9cbc2-ebb4-4afd-b680-59f3cfd337bd', 'Implements CI/CD automation?', 'yes_no', '15e1e462-9023-4f0c-8eeb-55c8b0a836b0', 1, true, '1141658a-2434-48af-8e55-96307bd240fd', '2025-07-11T06:07:09.154889+00:00', '2025-07-11T06:07:09.154889+00:00');
INSERT INTO questions (id, question, type, topic_id, sequence_number, is_active, created_by, created_at, updated_at) VALUES ('7c9c2b37-6e54-47d1-b861-c2beeb859c3d', 'Uses Infrastructure as Code (IaC)?', 'yes_no', '15e1e462-9023-4f0c-8eeb-55c8b0a836b0', 2, true, '1141658a-2434-48af-8e55-96307bd240fd', '2025-07-11T06:07:09.384892+00:00', '2025-07-11T06:07:09.384892+00:00');
INSERT INTO questions (id, question, type, topic_id, sequence_number, is_active, created_by, created_at, updated_at) VALUES ('9d7b2206-a892-43ef-be5c-00b10839adae', 'Integrates DevSecOps into the lifecycle?', 'yes_no', '15e1e462-9023-4f0c-8eeb-55c8b0a836b0', 3, true, '1141658a-2434-48af-8e55-96307bd240fd', '2025-07-11T06:07:09.605534+00:00', '2025-07-11T06:07:09.605534+00:00');
INSERT INTO questions (id, question, type, topic_id, sequence_number, is_active, created_by, created_at, updated_at) VALUES ('b180ca28-3626-433d-8c24-6739407a11ce', 'Supports elastic scalability?', 'yes_no', '1644b877-2133-4874-a883-7500b81959de', 1, true, '1141658a-2434-48af-8e55-96307bd240fd', '2025-07-11T06:07:09.955484+00:00', '2025-07-11T06:07:09.955484+00:00');
INSERT INTO questions (id, question, type, topic_id, sequence_number, is_active, created_by, created_at, updated_at) VALUES ('ba9a20f2-e99f-4bc8-924b-c055e9014686', 'Uses high availability & fault tolerance strategies?', 'yes_no', '1644b877-2133-4874-a883-7500b81959de', 2, true, '1141658a-2434-48af-8e55-96307bd240fd', '2025-07-11T06:07:10.207758+00:00', '2025-07-11T06:07:10.207758+00:00');
INSERT INTO questions (id, question, type, topic_id, sequence_number, is_active, created_by, created_at, updated_at) VALUES ('83af3af1-e738-4d2e-b21c-d676abee51c0', 'Uses async processing or event-driven architecture for scalability?', 'yes_no', '1644b877-2133-4874-a883-7500b81959de', 3, true, '1141658a-2434-48af-8e55-96307bd240fd', '2025-07-11T06:07:10.440069+00:00', '2025-07-11T06:07:10.440069+00:00');
INSERT INTO questions (id, question, type, topic_id, sequence_number, is_active, created_by, created_at, updated_at) VALUES ('11dec4eb-0d1b-49b1-83fa-578ea00d0c93', 'New updates are backward compatible and do not break integrations?', 'yes_no', '211549a5-c202-4675-9c9f-4cc522f95360', 1, true, '1141658a-2434-48af-8e55-96307bd240fd', '2025-07-11T06:07:15.357475+00:00', '2025-07-11T06:07:15.357475+00:00');
INSERT INTO questions (id, question, type, topic_id, sequence_number, is_active, created_by, created_at, updated_at) VALUES ('d82c50cf-638c-4776-8447-6f3c7e3dbdc5', 'Tech stack lifecycle is managed (dependencies/frameworks upgraded regularly)?', 'yes_no', '211549a5-c202-4675-9c9f-4cc522f95360', 2, true, '1141658a-2434-48af-8e55-96307bd240fd', '2025-07-11T06:07:15.577425+00:00', '2025-07-11T06:07:15.577425+00:00');
INSERT INTO questions (id, question, type, topic_id, sequence_number, is_active, created_by, created_at, updated_at) VALUES ('02d03290-3e89-43e3-96d1-251558b1a34e', 'We have a comprehensive inventory of all data sources.', 'multiple_choice', '22944f4a-6963-4704-9a9a-76d499b234ff', 1, true, '1141658a-2434-48af-8e55-96307bd240fd', '2025-07-11T05:54:50.344794+00:00', '2025-07-11T05:54:50.344794+00:00');
INSERT INTO questions (id, question, type, topic_id, sequence_number, is_active, created_by, created_at, updated_at) VALUES ('c69d62ab-ddbd-4354-8af2-0086cbdcbcd6', 'Data required for AI is easily accessible to relevant teams.', 'multiple_choice', '22944f4a-6963-4704-9a9a-76d499b234ff', 2, true, '1141658a-2434-48af-8e55-96307bd240fd', '2025-07-11T05:54:50.546379+00:00', '2025-07-11T05:54:50.546379+00:00');
INSERT INTO questions (id, question, type, topic_id, sequence_number, is_active, created_by, created_at, updated_at) VALUES ('478eb50f-a9a2-4e04-b6ec-2b06cd4cf612', 'Our data is accurate, complete, and up to date.', 'multiple_choice', '22944f4a-6963-4704-9a9a-76d499b234ff', 3, true, '1141658a-2434-48af-8e55-96307bd240fd', '2025-07-11T05:54:50.787181+00:00', '2025-07-11T05:54:50.787181+00:00');
INSERT INTO questions (id, question, type, topic_id, sequence_number, is_active, created_by, created_at, updated_at) VALUES ('06132f74-e22b-4a2f-8ead-b3ac0b174f37', 'Data governance policies (access, privacy, retention) are well established.', 'multiple_choice', '22944f4a-6963-4704-9a9a-76d499b234ff', 4, true, '1141658a-2434-48af-8e55-96307bd240fd', '2025-07-11T05:54:51.123681+00:00', '2025-07-11T05:54:51.123681+00:00');
INSERT INTO questions (id, question, type, topic_id, sequence_number, is_active, created_by, created_at, updated_at) VALUES ('c6a20a53-5fd6-432e-ac7d-43a5aca62cd6', 'Data pipelines are automated and robust for AI needs.', 'multiple_choice', '22944f4a-6963-4704-9a9a-76d499b234ff', 5, true, '1141658a-2434-48af-8e55-96307bd240fd', '2025-07-11T05:54:51.337035+00:00', '2025-07-11T05:54:51.337035+00:00');
INSERT INTO questions (id, question, type, topic_id, sequence_number, is_active, created_by, created_at, updated_at) VALUES ('e4b53cc6-bd44-48a7-9fef-b5a739c6bccb', 'Data labeling and preparation processes are mature.', 'multiple_choice', '22944f4a-6963-4704-9a9a-76d499b234ff', 6, true, '1141658a-2434-48af-8e55-96307bd240fd', '2025-07-11T05:54:51.551054+00:00', '2025-07-11T05:54:51.551054+00:00');
INSERT INTO questions (id, question, type, topic_id, sequence_number, is_active, created_by, created_at, updated_at) VALUES ('9349255e-42a5-4402-9908-f1bdb6cefa19', 'We regularly monitor and improve data quality.', 'multiple_choice', '22944f4a-6963-4704-9a9a-76d499b234ff', 7, true, '1141658a-2434-48af-8e55-96307bd240fd', '2025-07-11T05:54:51.774838+00:00', '2025-07-11T05:54:51.774838+00:00');
INSERT INTO questions (id, question, type, topic_id, sequence_number, is_active, created_by, created_at, updated_at) VALUES ('38fa8e5b-e8d5-49a5-891d-fade278d2006', 'There are clear data ownership and stewardship roles.', 'multiple_choice', '22944f4a-6963-4704-9a9a-76d499b234ff', 8, true, '1141658a-2434-48af-8e55-96307bd240fd', '2025-07-11T05:54:51.99599+00:00', '2025-07-11T05:54:51.99599+00:00');
INSERT INTO questions (id, question, type, topic_id, sequence_number, is_active, created_by, created_at, updated_at) VALUES ('0070958b-1369-4953-9862-6c297e0da413', 'Our data infrastructure supports real-time and batch processing.', 'multiple_choice', '22944f4a-6963-4704-9a9a-76d499b234ff', 9, true, '1141658a-2434-48af-8e55-96307bd240fd', '2025-07-11T05:54:52.219543+00:00', '2025-07-11T05:54:52.219543+00:00');
INSERT INTO questions (id, question, type, topic_id, sequence_number, is_active, created_by, created_at, updated_at) VALUES ('23127650-1732-4c06-8b4f-c3f07fb6dd3b', 'Data security and compliance requirements are consistently met.', 'multiple_choice', '22944f4a-6963-4704-9a9a-76d499b234ff', 10, true, '1141658a-2434-48af-8e55-96307bd240fd', '2025-07-11T05:54:52.427865+00:00', '2025-07-11T05:54:52.427865+00:00');
INSERT INTO questions (id, question, type, topic_id, sequence_number, is_active, created_by, created_at, updated_at) VALUES ('17c3c363-a916-4a39-a99f-a3e77cab39de', 'Our IT infrastructure can support AI workloads (e.g., GPUs, scalable storage).', 'multiple_choice', '29848f4e-9025-4a26-9220-41bdaf8f0851', 1, true, '1141658a-2434-48af-8e55-96307bd240fd', '2025-07-11T05:54:48.984913+00:00', '2025-07-11T05:54:48.984913+00:00');
INSERT INTO questions (id, question, type, topic_id, sequence_number, is_active, created_by, created_at, updated_at) VALUES ('fe2ca3d9-529f-4951-812f-ebe3013fce04', 'We have reliable cloud or on-premises resources for AI development.', 'multiple_choice', '29848f4e-9025-4a26-9220-41bdaf8f0851', 2, true, '1141658a-2434-48af-8e55-96307bd240fd', '2025-07-11T05:54:49.231872+00:00', '2025-07-11T05:54:49.231872+00:00');
INSERT INTO questions (id, question, type, topic_id, sequence_number, is_active, created_by, created_at, updated_at) VALUES ('887af4d3-5719-447a-add7-ba742d3fc50b', 'Integration between existing systems and new AI applications is seamless.', 'multiple_choice', '29848f4e-9025-4a26-9220-41bdaf8f0851', 3, true, '1141658a-2434-48af-8e55-96307bd240fd', '2025-07-11T05:54:49.43619+00:00', '2025-07-11T05:54:49.43619+00:00');
INSERT INTO questions (id, question, type, topic_id, sequence_number, is_active, created_by, created_at, updated_at) VALUES ('c5900f83-d1a0-4747-b218-26fb74bee78b', 'We use modern tools for deploying and managing AI models.', 'multiple_choice', '29848f4e-9025-4a26-9220-41bdaf8f0851', 4, true, '1141658a-2434-48af-8e55-96307bd240fd', '2025-07-11T05:54:49.653482+00:00', '2025-07-11T05:54:49.653482+00:00');
INSERT INTO questions (id, question, type, topic_id, sequence_number, is_active, created_by, created_at, updated_at) VALUES ('edfe25a9-c75c-448c-bd88-fb221e4965e0', 'Our technology stack can scale with increased AI adoption.', 'multiple_choice', '29848f4e-9025-4a26-9220-41bdaf8f0851', 5, true, '1141658a-2434-48af-8e55-96307bd240fd', '2025-07-11T05:54:49.859247+00:00', '2025-07-11T05:54:49.859247+00:00');
INSERT INTO questions (id, question, type, topic_id, sequence_number, is_active, created_by, created_at, updated_at) VALUES ('4fc3d360-dc40-446a-8e84-86a305fc0072', 'Key business processes are mapped and documented.', 'multiple_choice', '2adc944e-3668-460d-962e-ec225415d04f', 1, true, '1141658a-2434-48af-8e55-96307bd240fd', '2025-07-11T05:54:52.758868+00:00', '2025-07-11T05:54:52.758868+00:00');
INSERT INTO questions (id, question, type, topic_id, sequence_number, is_active, created_by, created_at, updated_at) VALUES ('0e089d42-f6b0-41fe-b191-19fc03e8da44', 'We have identified opportunities to automate repetitive tasks with AI.', 'multiple_choice', '2adc944e-3668-460d-962e-ec225415d04f', 2, true, '1141658a-2434-48af-8e55-96307bd240fd', '2025-07-11T05:54:52.984041+00:00', '2025-07-11T05:54:52.984041+00:00');
INSERT INTO questions (id, question, type, topic_id, sequence_number, is_active, created_by, created_at, updated_at) VALUES ('5f7be3f1-7dec-41d2-9c69-a916c5e5f8a7', 'Operational workflows support rapid experimentation and deployment.', 'multiple_choice', '2adc944e-3668-460d-962e-ec225415d04f', 3, true, '1141658a-2434-48af-8e55-96307bd240fd', '2025-07-11T05:54:53.211151+00:00', '2025-07-11T05:54:53.211151+00:00');
INSERT INTO questions (id, question, type, topic_id, sequence_number, is_active, created_by, created_at, updated_at) VALUES ('63db6220-f6fd-4a52-a846-121536f63cf6', 'Incident response plans exist for AI system failures.', 'multiple_choice', '2adc944e-3668-460d-962e-ec225415d04f', 4, true, '1141658a-2434-48af-8e55-96307bd240fd', '2025-07-11T05:54:53.415509+00:00', '2025-07-11T05:54:53.415509+00:00');
INSERT INTO questions (id, question, type, topic_id, sequence_number, is_active, created_by, created_at, updated_at) VALUES ('d30b8a4d-3dfe-48ad-b2f6-66ff51fff9de', 'There is a feedback loop from operations to improve AI models.', 'multiple_choice', '2adc944e-3668-460d-962e-ec225415d04f', 5, true, '1141658a-2434-48af-8e55-96307bd240fd', '2025-07-11T05:54:53.636629+00:00', '2025-07-11T05:54:53.636629+00:00');
INSERT INTO questions (id, question, type, topic_id, sequence_number, is_active, created_by, created_at, updated_at) VALUES ('1dfee97a-e485-4c42-b744-7570087dc27a', 'Which primary database platform do you use?', 'multiple_choice', '2bdf6bce-6033-46a3-a29f-03426cab3a92', 1, true, '1141658a-2434-48af-8e55-96307bd240fd', '2025-07-11T08:45:42.318822+00:00', '2025-07-11T08:45:42.318822+00:00');
INSERT INTO questions (id, question, type, topic_id, sequence_number, is_active, created_by, created_at, updated_at) VALUES ('59d59d6a-617d-40db-bc2a-9b6b212f3475', 'The database infrastructure is hosted on:', 'multiple_choice', '2bdf6bce-6033-46a3-a29f-03426cab3a92', 2, true, '1141658a-2434-48af-8e55-96307bd240fd', '2025-07-11T08:45:42.685104+00:00', '2025-07-11T08:45:42.685104+00:00');
INSERT INTO questions (id, question, type, topic_id, sequence_number, is_active, created_by, created_at, updated_at) VALUES ('0705e5ad-d9c6-47b0-8c85-c1739f1f1e6a', 'How would you rate the scalability of your current database infrastructure?', 'multiple_choice', '2bdf6bce-6033-46a3-a29f-03426cab3a92', 3, true, '1141658a-2434-48af-8e55-96307bd240fd', '2025-07-11T08:45:43.015741+00:00', '2025-07-11T08:45:43.015741+00:00');
INSERT INTO questions (id, question, type, topic_id, sequence_number, is_active, created_by, created_at, updated_at) VALUES ('8736c8a9-5756-4944-bf25-6f76444cb5d7', 'How often is your database infrastructure reviewed for modernization?', 'multiple_choice', '2bdf6bce-6033-46a3-a29f-03426cab3a92', 4, true, '1141658a-2434-48af-8e55-96307bd240fd', '2025-07-11T08:45:43.380069+00:00', '2025-07-11T08:45:43.380069+00:00');
INSERT INTO questions (id, question, type, topic_id, sequence_number, is_active, created_by, created_at, updated_at) VALUES ('8ddec58b-8ea1-4f44-9218-8b45dccea97d', 'The database supports high availability and disaster recovery:', 'multiple_choice', '2bdf6bce-6033-46a3-a29f-03426cab3a92', 5, true, '1141658a-2434-48af-8e55-96307bd240fd', '2025-07-11T08:45:43.721511+00:00', '2025-07-11T08:45:43.721511+00:00');
INSERT INTO questions (id, question, type, topic_id, sequence_number, is_active, created_by, created_at, updated_at) VALUES ('5567dcfd-811c-422c-9988-08b6593597bf', 'Data encryption is implemented at rest and in transit:', 'multiple_choice', '2d0c9f85-f760-4f83-b91a-d9577e73ff6e', 16, true, '1141658a-2434-48af-8e55-96307bd240fd', '2025-07-11T08:45:46.18187+00:00', '2025-07-11T08:45:46.18187+00:00');
INSERT INTO questions (id, question, type, topic_id, sequence_number, is_active, created_by, created_at, updated_at) VALUES ('0df89d69-15c0-4ee0-8d64-a745a491ae25', 'Role-based access control (RBAC) is enforced:', 'multiple_choice', '2d0c9f85-f760-4f83-b91a-d9577e73ff6e', 17, true, '1141658a-2434-48af-8e55-96307bd240fd', '2025-07-11T08:45:46.388968+00:00', '2025-07-11T08:45:46.388968+00:00');
INSERT INTO questions (id, question, type, topic_id, sequence_number, is_active, created_by, created_at, updated_at) VALUES ('2e168b81-11c1-4658-ba7b-0a8416eaa622', 'Database audit logs are enabled and reviewed:', 'multiple_choice', '2d0c9f85-f760-4f83-b91a-d9577e73ff6e', 18, true, '1141658a-2434-48af-8e55-96307bd240fd', '2025-07-11T08:45:46.581666+00:00', '2025-07-11T08:45:46.581666+00:00');
INSERT INTO questions (id, question, type, topic_id, sequence_number, is_active, created_by, created_at, updated_at) VALUES ('10b7ed04-5234-4f45-aca0-51d89251ba31', 'How often are security patches applied?', 'multiple_choice', '2d0c9f85-f760-4f83-b91a-d9577e73ff6e', 19, true, '1141658a-2434-48af-8e55-96307bd240fd', '2025-07-11T08:45:46.778872+00:00', '2025-07-11T08:45:46.778872+00:00');
INSERT INTO questions (id, question, type, topic_id, sequence_number, is_active, created_by, created_at, updated_at) VALUES ('bf1b858a-81ef-40aa-8e59-85d6e9812908', 'Sensitive data is masked or tokenized:', 'multiple_choice', '2d0c9f85-f760-4f83-b91a-d9577e73ff6e', 20, true, '1141658a-2434-48af-8e55-96307bd240fd', '2025-07-11T08:45:46.981241+00:00', '2025-07-11T08:45:46.981241+00:00');
INSERT INTO questions (id, question, type, topic_id, sequence_number, is_active, created_by, created_at, updated_at) VALUES ('7ae9382b-5c28-4849-84f0-8f11e1d80f7c', 'Uses microservices or modular architecture?', 'yes_no', '4025016e-47b0-47f4-91f9-d7f62f0de8d2', 1, true, '1141658a-2434-48af-8e55-96307bd240fd', '2025-07-11T06:07:07.857053+00:00', '2025-07-11T06:07:07.857053+00:00');
INSERT INTO questions (id, question, type, topic_id, sequence_number, is_active, created_by, created_at, updated_at) VALUES ('5055e4c8-f373-4d7a-8349-aa1b37e32ef8', 'Provides API-first or event-driven design (RESTful/GraphQL APIs, WebSockets, event streaming)?', 'yes_no', '4025016e-47b0-47f4-91f9-d7f62f0de8d2', 2, true, '1141658a-2434-48af-8e55-96307bd240fd', '2025-07-11T06:07:08.129152+00:00', '2025-07-11T06:07:08.129152+00:00');
INSERT INTO questions (id, question, type, topic_id, sequence_number, is_active, created_by, created_at, updated_at) VALUES ('037e2cbf-e273-47e1-9e81-b29c1286e98a', 'Uses containerization & orchestration (Docker, Kubernetes)?', 'yes_no', '4025016e-47b0-47f4-91f9-d7f62f0de8d2', 3, true, '1141658a-2434-48af-8e55-96307bd240fd', '2025-07-11T06:07:08.369799+00:00', '2025-07-11T06:07:08.369799+00:00');
INSERT INTO questions (id, question, type, topic_id, sequence_number, is_active, created_by, created_at, updated_at) VALUES ('713c1cca-1cd0-46c5-ad4e-214ed484d5ff', 'Is serverless or cloud-native (auto-scaling, managed services, cloud-agnostic)?', 'yes_no', '4025016e-47b0-47f4-91f9-d7f62f0de8d2', 4, true, '1141658a-2434-48af-8e55-96307bd240fd', '2025-07-11T06:07:08.581195+00:00', '2025-07-11T06:07:08.581195+00:00');
INSERT INTO questions (id, question, type, topic_id, sequence_number, is_active, created_by, created_at, updated_at) VALUES ('8aabf314-4ca7-4647-803a-0bf7649adb3e', 'Supports edge computing?', 'yes_no', '4025016e-47b0-47f4-91f9-d7f62f0de8d2', 5, true, '1141658a-2434-48af-8e55-96307bd240fd', '2025-07-11T06:07:08.800337+00:00', '2025-07-11T06:07:08.800337+00:00');
INSERT INTO questions (id, question, type, topic_id, sequence_number, is_active, created_by, created_at, updated_at) VALUES ('91963828-ad77-4e0b-a6ce-853907dcd6b0', 'The current compute resources (CPU, RAM) meet performance needs:', 'multiple_choice', '64200fb5-ce03-46e0-966b-7ed9c23439aa', 6, true, '1141658a-2434-48af-8e55-96307bd240fd', '2025-07-11T08:45:44.05704+00:00', '2025-07-11T08:45:44.05704+00:00');
INSERT INTO questions (id, question, type, topic_id, sequence_number, is_active, created_by, created_at, updated_at) VALUES ('5288b3a0-c702-45e6-b453-9b05578d3d27', 'How is compute scaling managed?', 'multiple_choice', '64200fb5-ce03-46e0-966b-7ed9c23439aa', 7, true, '1141658a-2434-48af-8e55-96307bd240fd', '2025-07-11T08:45:44.252899+00:00', '2025-07-11T08:45:44.252899+00:00');
INSERT INTO questions (id, question, type, topic_id, sequence_number, is_active, created_by, created_at, updated_at) VALUES ('2716c201-43b0-4d57-8d5d-5b4eeacb1cac', 'How frequently are performance bottlenecks encountered?', 'multiple_choice', '64200fb5-ce03-46e0-966b-7ed9c23439aa', 8, true, '1141658a-2434-48af-8e55-96307bd240fd', '2025-07-11T08:45:44.45376+00:00', '2025-07-11T08:45:44.45376+00:00');
INSERT INTO questions (id, question, type, topic_id, sequence_number, is_active, created_by, created_at, updated_at) VALUES ('af8131f2-0279-45a8-8d47-fcdb1a8f60ca', 'Compute resource utilization is monitored in real-time:', 'multiple_choice', '64200fb5-ce03-46e0-966b-7ed9c23439aa', 9, true, '1141658a-2434-48af-8e55-96307bd240fd', '2025-07-11T08:45:44.664576+00:00', '2025-07-11T08:45:44.664576+00:00');
INSERT INTO questions (id, question, type, topic_id, sequence_number, is_active, created_by, created_at, updated_at) VALUES ('bb4b36a6-5439-4f40-8c33-d66ee8696d15', 'The database supports elastic scaling:', 'multiple_choice', '64200fb5-ce03-46e0-966b-7ed9c23439aa', 10, true, '1141658a-2434-48af-8e55-96307bd240fd', '2025-07-11T08:45:44.865094+00:00', '2025-07-11T08:45:44.865094+00:00');
INSERT INTO questions (id, question, type, topic_id, sequence_number, is_active, created_by, created_at, updated_at) VALUES ('9f253d01-0c3b-4c35-83f1-11e9a92f5f68', 'Fast time-to-market (DevOps, CI/CD, modular architecture)?', 'yes_no', '64abb326-a579-4c67-aaee-da61640e86c7', 1, true, '1141658a-2434-48af-8e55-96307bd240fd', '2025-07-11T06:07:15.947315+00:00', '2025-07-11T06:07:15.947315+00:00');
INSERT INTO questions (id, question, type, topic_id, sequence_number, is_active, created_by, created_at, updated_at) VALUES ('4a9e2310-fcd0-4182-855d-1871c9b465c9', 'Low change failure rate (frequent, stable releases, DORA metrics)?', 'yes_no', '64abb326-a579-4c67-aaee-da61640e86c7', 2, true, '1141658a-2434-48af-8e55-96307bd240fd', '2025-07-11T06:07:16.182083+00:00', '2025-07-11T06:07:16.182083+00:00');
INSERT INTO questions (id, question, type, topic_id, sequence_number, is_active, created_by, created_at, updated_at) VALUES ('b63a2163-d5b1-466f-bb95-95ba41c7f0bb', 'Uses data-driven decision-making (real-time analytics, A/B testing, AI insights)?', 'yes_no', '64abb326-a579-4c67-aaee-da61640e86c7', 3, true, '1141658a-2434-48af-8e55-96307bd240fd', '2025-07-11T06:07:16.388536+00:00', '2025-07-11T06:07:16.388536+00:00');
INSERT INTO questions (id, question, type, topic_id, sequence_number, is_active, created_by, created_at, updated_at) VALUES ('26bc39a2-27c3-455f-819a-1bd7821e7fd5', 'Application is API and ecosystem ready (easy integration with third-party services)?', 'yes_no', '64abb326-a579-4c67-aaee-da61640e86c7', 4, true, '1141658a-2434-48af-8e55-96307bd240fd', '2025-07-11T06:07:16.595976+00:00', '2025-07-11T06:07:16.595976+00:00');
INSERT INTO questions (id, question, type, topic_id, sequence_number, is_active, created_by, created_at, updated_at) VALUES ('d05b2407-95e3-4b3d-98e2-a051d3bba093', 'Business capabilities are composable & reusable (APIs, microservices)?', 'yes_no', '64abb326-a579-4c67-aaee-da61640e86c7', 5, true, '1141658a-2434-48af-8e55-96307bd240fd', '2025-07-11T06:07:16.823364+00:00', '2025-07-11T06:07:16.823364+00:00');
INSERT INTO questions (id, question, type, topic_id, sequence_number, is_active, created_by, created_at, updated_at) VALUES ('2d7976ea-35b8-4a62-8c3f-73112428c76d', 'Our organization has clearly defined AI objectives aligned with business goals.', 'multiple_choice', '69a07b3d-4765-4f9b-9739-45cfe39072f3', 1, true, '1141658a-2434-48af-8e55-96307bd240fd', '2025-07-11T05:54:46.865035+00:00', '2025-07-11T05:54:46.865035+00:00');
INSERT INTO questions (id, question, type, topic_id, sequence_number, is_active, created_by, created_at, updated_at) VALUES ('034c7fbc-476f-4b85-a26c-2fdc22c90282', 'Executive leadership actively supports and sponsors AI initiatives.', 'multiple_choice', '69a07b3d-4765-4f9b-9739-45cfe39072f3', 2, true, '1141658a-2434-48af-8e55-96307bd240fd', '2025-07-11T05:54:47.390505+00:00', '2025-07-11T05:54:47.390505+00:00');
INSERT INTO questions (id, question, type, topic_id, sequence_number, is_active, created_by, created_at, updated_at) VALUES ('adb38226-417c-4653-824e-9992b3630190', 'We have identified and prioritized AI use cases across business units.', 'multiple_choice', '69a07b3d-4765-4f9b-9739-45cfe39072f3', 3, true, '1141658a-2434-48af-8e55-96307bd240fd', '2025-07-11T05:54:47.715738+00:00', '2025-07-11T05:54:47.715738+00:00');
INSERT INTO questions (id, question, type, topic_id, sequence_number, is_active, created_by, created_at, updated_at) VALUES ('935b1db9-4b31-42de-980c-660dafdb2a42', 'Success metrics for AI projects are well-defined and measurable.', 'multiple_choice', '69a07b3d-4765-4f9b-9739-45cfe39072f3', 4, true, '1141658a-2434-48af-8e55-96307bd240fd', '2025-07-11T05:54:47.941722+00:00', '2025-07-11T05:54:47.941722+00:00');
INSERT INTO questions (id, question, type, topic_id, sequence_number, is_active, created_by, created_at, updated_at) VALUES ('45b9541c-3f34-41fb-a9da-b9d4d27c2980', 'There is a clear roadmap for AI adoption and scaling.', 'multiple_choice', '69a07b3d-4765-4f9b-9739-45cfe39072f3', 5, true, '1141658a-2434-48af-8e55-96307bd240fd', '2025-07-11T05:54:48.403713+00:00', '2025-07-11T05:54:48.403713+00:00');
INSERT INTO questions (id, question, type, topic_id, sequence_number, is_active, created_by, created_at, updated_at) VALUES ('db3c6e91-46ac-4816-928a-d59d6f26f420', 'Data validation rules are enforced at the database level:', 'multiple_choice', '6f313a34-c980-44c1-a916-e67aab938e1f', 26, true, '1141658a-2434-48af-8e55-96307bd240fd', '2025-07-11T08:45:48.22108+00:00', '2025-07-11T08:45:48.22108+00:00');
INSERT INTO questions (id, question, type, topic_id, sequence_number, is_active, created_by, created_at, updated_at) VALUES ('f84eeb57-4026-4767-8ad1-f02d2df0ce34', 'Duplicate data is systematically identified and resolved:', 'multiple_choice', '6f313a34-c980-44c1-a916-e67aab938e1f', 27, true, '1141658a-2434-48af-8e55-96307bd240fd', '2025-07-11T08:45:48.529283+00:00', '2025-07-11T08:45:48.529283+00:00');
INSERT INTO questions (id, question, type, topic_id, sequence_number, is_active, created_by, created_at, updated_at) VALUES ('85217336-c206-4ce5-a44a-cfd3058e0f19', 'Data quality metrics (accuracy, completeness, consistency) are tracked:', 'multiple_choice', '6f313a34-c980-44c1-a916-e67aab938e1f', 28, true, '1141658a-2434-48af-8e55-96307bd240fd', '2025-07-11T08:45:48.731154+00:00', '2025-07-11T08:45:48.731154+00:00');
INSERT INTO questions (id, question, type, topic_id, sequence_number, is_active, created_by, created_at, updated_at) VALUES ('095f8661-8457-4811-b3a5-9d0cb534ebee', 'Budgets for AI projects are clearly allocated and managed.', 'multiple_choice', '76efc19a-7b62-47c1-acc9-d85b094bdc0a', 1, true, '1141658a-2434-48af-8e55-96307bd240fd', '2025-07-11T05:54:55.133806+00:00', '2025-07-11T05:54:55.133806+00:00');
INSERT INTO questions (id, question, type, topic_id, sequence_number, is_active, created_by, created_at, updated_at) VALUES ('aa8cb043-3471-4287-b927-ba5f7cfad6f9', 'We have a cost model for AI initiatives (hardware, software, talent).', 'multiple_choice', '76efc19a-7b62-47c1-acc9-d85b094bdc0a', 2, true, '1141658a-2434-48af-8e55-96307bd240fd', '2025-07-11T05:54:55.360667+00:00', '2025-07-11T05:54:55.360667+00:00');
INSERT INTO questions (id, question, type, topic_id, sequence_number, is_active, created_by, created_at, updated_at) VALUES ('755c2570-916e-46c5-93ae-2ddb70612f41', 'ROI metrics are tracked for AI investments.', 'multiple_choice', '76efc19a-7b62-47c1-acc9-d85b094bdc0a', 3, true, '1141658a-2434-48af-8e55-96307bd240fd', '2025-07-11T05:54:55.572275+00:00', '2025-07-11T05:54:55.572275+00:00');
INSERT INTO questions (id, question, type, topic_id, sequence_number, is_active, created_by, created_at, updated_at) VALUES ('25ec1768-21ce-49cc-afef-5048ca8c81e7', 'Financial controls are in place for AI-related spending.', 'multiple_choice', '76efc19a-7b62-47c1-acc9-d85b094bdc0a', 4, true, '1141658a-2434-48af-8e55-96307bd240fd', '2025-07-11T05:54:55.774932+00:00', '2025-07-11T05:54:55.774932+00:00');
INSERT INTO questions (id, question, type, topic_id, sequence_number, is_active, created_by, created_at, updated_at) VALUES ('d06e816a-172c-4a67-b908-c80940412411', 'There is a process to reassess AI investments based on results.', 'multiple_choice', '76efc19a-7b62-47c1-acc9-d85b094bdc0a', 5, true, '1141658a-2434-48af-8e55-96307bd240fd', '2025-07-11T05:54:55.987909+00:00', '2025-07-11T05:54:55.987909+00:00');
INSERT INTO questions (id, question, type, topic_id, sequence_number, is_active, created_by, created_at, updated_at) VALUES ('f5c9263b-5bc9-4d5a-9f92-3e613d7493c4', 'AI opportunities in core business processes are well understood.', 'multiple_choice', '86299925-337d-4916-b366-de502a892f2c', 1, true, '1141658a-2434-48af-8e55-96307bd240fd', '2025-07-11T05:54:57.474003+00:00', '2025-07-11T05:54:57.474003+00:00');
INSERT INTO questions (id, question, type, topic_id, sequence_number, is_active, created_by, created_at, updated_at) VALUES ('235d84b6-dfc4-426d-a16f-d817537bf51d', 'Department heads actively champion AI adoption in their areas.', 'multiple_choice', '86299925-337d-4916-b366-de502a892f2c', 2, true, '1141658a-2434-48af-8e55-96307bd240fd', '2025-07-11T05:54:57.70757+00:00', '2025-07-11T05:54:57.70757+00:00');
INSERT INTO questions (id, question, type, topic_id, sequence_number, is_active, created_by, created_at, updated_at) VALUES ('eef12143-c645-4ad3-959e-c5c06f2465f7', 'There is alignment between IT and business units on AI priorities.', 'multiple_choice', '86299925-337d-4916-b366-de502a892f2c', 3, true, '1141658a-2434-48af-8e55-96307bd240fd', '2025-07-11T05:54:57.928677+00:00', '2025-07-11T05:54:57.928677+00:00');
INSERT INTO questions (id, question, type, topic_id, sequence_number, is_active, created_by, created_at, updated_at) VALUES ('55e307d8-0eaa-4081-a368-6801df8fba6c', 'Success stories and use cases are shared across departments.', 'multiple_choice', '86299925-337d-4916-b366-de502a892f2c', 4, true, '1141658a-2434-48af-8e55-96307bd240fd', '2025-07-11T05:54:58.14908+00:00', '2025-07-11T05:54:58.14908+00:00');
INSERT INTO questions (id, question, type, topic_id, sequence_number, is_active, created_by, created_at, updated_at) VALUES ('38eea4b5-b3e1-466a-b961-4bec3f1537e0', 'Change management processes support AI integration.', 'multiple_choice', '86299925-337d-4916-b366-de502a892f2c', 5, true, '1141658a-2434-48af-8e55-96307bd240fd', '2025-07-11T05:54:58.370461+00:00', '2025-07-11T05:54:58.370461+00:00');
INSERT INTO questions (id, question, type, topic_id, sequence_number, is_active, created_by, created_at, updated_at) VALUES ('5ce995bc-6e44-44ef-95f9-c6c6db6ff0b7', 'We have sufficient in-house AI and data science expertise.', 'multiple_choice', '90c7f603-b245-4492-8e50-63093166a2e1', 1, true, '1141658a-2434-48af-8e55-96307bd240fd', '2025-07-11T05:54:53.945948+00:00', '2025-07-11T05:54:53.945948+00:00');
INSERT INTO questions (id, question, type, topic_id, sequence_number, is_active, created_by, created_at, updated_at) VALUES ('52c2a1ec-25ee-42b5-babd-b59787098df0', 'Training programs exist to upskill employees in AI-related areas.', 'multiple_choice', '90c7f603-b245-4492-8e50-63093166a2e1', 2, true, '1141658a-2434-48af-8e55-96307bd240fd', '2025-07-11T05:54:54.167565+00:00', '2025-07-11T05:54:54.167565+00:00');
INSERT INTO questions (id, question, type, topic_id, sequence_number, is_active, created_by, created_at, updated_at) VALUES ('a5d02704-966e-48e5-8550-b82e8421f286', 'Our hiring strategy addresses gaps in AI talent.', 'multiple_choice', '90c7f603-b245-4492-8e50-63093166a2e1', 3, true, '1141658a-2434-48af-8e55-96307bd240fd', '2025-07-11T05:54:54.381036+00:00', '2025-07-11T05:54:54.381036+00:00');
INSERT INTO questions (id, question, type, topic_id, sequence_number, is_active, created_by, created_at, updated_at) VALUES ('983171c9-3704-409c-921d-e12d565047c3', 'Employees are receptive to AI-driven change.', 'multiple_choice', '90c7f603-b245-4492-8e50-63093166a2e1', 4, true, '1141658a-2434-48af-8e55-96307bd240fd', '2025-07-11T05:54:54.596712+00:00', '2025-07-11T05:54:54.596712+00:00');
INSERT INTO questions (id, question, type, topic_id, sequence_number, is_active, created_by, created_at, updated_at) VALUES ('99912f8f-60cf-4b2f-85d6-197f5f881111', 'Cross-functional teams collaborate effectively on AI projects.', 'multiple_choice', '90c7f603-b245-4492-8e50-63093166a2e1', 5, true, '1141658a-2434-48af-8e55-96307bd240fd', '2025-07-11T05:54:54.813403+00:00', '2025-07-11T05:54:54.813403+00:00');
INSERT INTO questions (id, question, type, topic_id, sequence_number, is_active, created_by, created_at, updated_at) VALUES ('7ba1d578-2577-4d74-bc24-ccf83b1ecac1', 'Uses responsive & progressive UI (modern frameworks)?', 'yes_no', '9c854152-99a4-4955-b92f-846e817fa01c', 1, true, '1141658a-2434-48af-8e55-96307bd240fd', '2025-07-11T06:07:12.8516+00:00', '2025-07-11T06:07:12.8516+00:00');
INSERT INTO questions (id, question, type, topic_id, sequence_number, is_active, created_by, created_at, updated_at) VALUES ('cb7f5b17-e28e-48c0-9c03-5f9ca50bddba', 'Is mobile-first & cross-platform (PWA, responsive web, mobile apps)?', 'yes_no', '9c854152-99a4-4955-b92f-846e817fa01c', 2, true, '1141658a-2434-48af-8e55-96307bd240fd', '2025-07-11T06:07:13.099416+00:00', '2025-07-11T06:07:13.099416+00:00');
INSERT INTO questions (id, question, type, topic_id, sequence_number, is_active, created_by, created_at, updated_at) VALUES ('829c2d28-d71d-4f42-aec2-608ca31d2c16', 'Optimized for low latency & high performance (CDN, caching, efficient rendering)?', 'yes_no', '9c854152-99a4-4955-b92f-846e817fa01c', 3, true, '1141658a-2434-48af-8e55-96307bd240fd', '2025-07-11T06:07:13.33049+00:00', '2025-07-11T06:07:13.33049+00:00');
INSERT INTO questions (id, question, type, topic_id, sequence_number, is_active, created_by, created_at, updated_at) VALUES ('6916fba4-ef51-4b7a-a8e8-12a2fe94c01c', 'Minimizes reliance on legacy code and outdated technologies?', 'yes_no', '9d090c32-abcc-40d6-a445-f406f1843744', 1, true, '1141658a-2434-48af-8e55-96307bd240fd', '2025-07-11T06:07:14.558827+00:00', '2025-07-11T06:07:14.558827+00:00');
INSERT INTO questions (id, question, type, topic_id, sequence_number, is_active, created_by, created_at, updated_at) VALUES ('768ccb99-7503-4061-9cb8-d81d06d495a1', 'Codebase is maintainable and clean (SOLID, DDD, separation of concerns)?', 'yes_no', '9d090c32-abcc-40d6-a445-f406f1843744', 2, true, '1141658a-2434-48af-8e55-96307bd240fd', '2025-07-11T06:07:14.759555+00:00', '2025-07-11T06:07:14.759555+00:00');
INSERT INTO questions (id, question, type, topic_id, sequence_number, is_active, created_by, created_at, updated_at) VALUES ('4e73b552-5134-42f0-85ad-35bb82662c45', 'Performs automated refactoring & code quality checks regularly?', 'yes_no', '9d090c32-abcc-40d6-a445-f406f1843744', 3, true, '1141658a-2434-48af-8e55-96307bd240fd', '2025-07-11T06:07:14.978336+00:00', '2025-07-11T06:07:14.978336+00:00');
INSERT INTO questions (id, question, type, topic_id, sequence_number, is_active, created_by, created_at, updated_at) VALUES ('edefbdcc-8eb8-464c-a7e4-af645069b164', 'Implements zero trust architecture (strong authentication, least privilege)?', 'yes_no', 'aded442b-e469-494c-a97f-32d6b30adc75', 1, true, '1141658a-2434-48af-8e55-96307bd240fd', '2025-07-11T06:07:11.845606+00:00', '2025-07-11T06:07:11.845606+00:00');
INSERT INTO questions (id, question, type, topic_id, sequence_number, is_active, created_by, created_at, updated_at) VALUES ('519a2e9f-9537-475c-baa3-2c45ec585925', 'Encrypts data end-to-end (at rest and in transit)?', 'yes_no', 'aded442b-e469-494c-a97f-32d6b30adc75', 2, true, '1141658a-2434-48af-8e55-96307bd240fd', '2025-07-11T06:07:12.1068+00:00', '2025-07-11T06:07:12.1068+00:00');
INSERT INTO questions (id, question, type, topic_id, sequence_number, is_active, created_by, created_at, updated_at) VALUES ('0062b4b0-7a12-4931-9c4b-a2734b4de8f3', 'Uses modern API security standards (OAuth2, OpenID Connect, JWT, API gateways)?', 'yes_no', 'aded442b-e469-494c-a97f-32d6b30adc75', 3, true, '1141658a-2434-48af-8e55-96307bd240fd', '2025-07-11T06:07:12.304604+00:00', '2025-07-11T06:07:12.304604+00:00');
INSERT INTO questions (id, question, type, topic_id, sequence_number, is_active, created_by, created_at, updated_at) VALUES ('a87680b7-9f29-472e-b02d-68e5290d1897', 'Integrates automated security testing into CI/CD pipelines?', 'yes_no', 'aded442b-e469-494c-a97f-32d6b30adc75', 4, true, '1141658a-2434-48af-8e55-96307bd240fd', '2025-07-11T06:07:12.521211+00:00', '2025-07-11T06:07:12.521211+00:00');
INSERT INTO questions (id, question, type, topic_id, sequence_number, is_active, created_by, created_at, updated_at) VALUES ('9a0dc287-fb99-4679-862b-c3c9412e4414', 'The database can handle increased workload without significant performance degradation:', 'multiple_choice', 'c5972629-9161-4151-841e-c46f3af4484c', 31, true, '1141658a-2434-48af-8e55-96307bd240fd', '2025-07-11T08:45:49.358926+00:00', '2025-07-11T08:45:49.358926+00:00');
INSERT INTO questions (id, question, type, topic_id, sequence_number, is_active, created_by, created_at, updated_at) VALUES ('d560b255-b7c5-47f4-bdfb-d73d49456fcf', 'How is horizontal scaling (adding more nodes) supported in your current setup?', 'multiple_choice', 'c5972629-9161-4151-841e-c46f3af4484c', 32, true, '1141658a-2434-48af-8e55-96307bd240fd', '2025-07-11T08:45:49.560517+00:00', '2025-07-11T08:45:49.560517+00:00');
INSERT INTO questions (id, question, type, topic_id, sequence_number, is_active, created_by, created_at, updated_at) VALUES ('c6d44596-ef33-43a1-90f2-4e01fffde09e', 'The database is architected to minimize single points of failure:', 'multiple_choice', 'c5972629-9161-4151-841e-c46f3af4484c', 33, true, '1141658a-2434-48af-8e55-96307bd240fd', '2025-07-11T08:45:49.763343+00:00', '2025-07-11T08:45:49.763343+00:00');
INSERT INTO questions (id, question, type, topic_id, sequence_number, is_active, created_by, created_at, updated_at) VALUES ('720eba34-bb00-4684-82dc-7021691483da', 'How quickly can the database recover from a critical failure?', 'multiple_choice', 'c5972629-9161-4151-841e-c46f3af4484c', 34, true, '1141658a-2434-48af-8e55-96307bd240fd', '2025-07-11T08:45:49.966474+00:00', '2025-07-11T08:45:49.966474+00:00');
INSERT INTO questions (id, question, type, topic_id, sequence_number, is_active, created_by, created_at, updated_at) VALUES ('092eadeb-327f-40a8-9c1f-7fd52536bf75', 'Performance monitoring tools are in place to proactively detect issues:', 'multiple_choice', 'c5972629-9161-4151-841e-c46f3af4484c', 35, true, '1141658a-2434-48af-8e55-96307bd240fd', '2025-07-11T08:45:50.187373+00:00', '2025-07-11T08:45:50.187373+00:00');
INSERT INTO questions (id, question, type, topic_id, sequence_number, is_active, created_by, created_at, updated_at) VALUES ('2d3c7602-703b-4362-9bdb-d549dccf68f6', 'The database supports automated failover mechanisms:', 'multiple_choice', 'c5972629-9161-4151-841e-c46f3af4484c', 36, true, '1141658a-2434-48af-8e55-96307bd240fd', '2025-07-11T08:45:50.383886+00:00', '2025-07-11T08:45:50.383886+00:00');
INSERT INTO questions (id, question, type, topic_id, sequence_number, is_active, created_by, created_at, updated_at) VALUES ('a4bd2121-f5e6-4db4-9194-b4de389b5d0a', 'How often is load testing performed on the database environment?', 'multiple_choice', 'c5972629-9161-4151-841e-c46f3af4484c', 37, true, '1141658a-2434-48af-8e55-96307bd240fd', '2025-07-11T08:45:50.593202+00:00', '2025-07-11T08:45:50.593202+00:00');
INSERT INTO questions (id, question, type, topic_id, sequence_number, is_active, created_by, created_at, updated_at) VALUES ('d3f960be-194f-439a-a172-11b483d81c84', 'The system is designed to ensure data consistency during failover or recovery:', 'multiple_choice', 'c5972629-9161-4151-841e-c46f3af4484c', 38, true, '1141658a-2434-48af-8e55-96307bd240fd', '2025-07-11T08:45:50.809401+00:00', '2025-07-11T08:45:50.809401+00:00');
INSERT INTO questions (id, question, type, topic_id, sequence_number, is_active, created_by, created_at, updated_at) VALUES ('1dde08d9-fafc-4d3e-8740-79bc25b64221', 'Maintenance activities (patching, upgrades) can be performed with minimal downtime:', 'multiple_choice', 'c5972629-9161-4151-841e-c46f3af4484c', 39, true, '1141658a-2434-48af-8e55-96307bd240fd', '2025-07-11T08:45:51.021071+00:00', '2025-07-11T08:45:51.021071+00:00');
INSERT INTO questions (id, question, type, topic_id, sequence_number, is_active, created_by, created_at, updated_at) VALUES ('5c1ade77-fb79-4002-87a7-14f00d2af817', 'The database supports multi-region or geo-redundant deployments for disaster recovery:', 'multiple_choice', 'c5972629-9161-4151-841e-c46f3af4484c', 40, true, '1141658a-2434-48af-8e55-96307bd240fd', '2025-07-11T08:45:51.227448+00:00', '2025-07-11T08:45:51.227448+00:00');
INSERT INTO questions (id, question, type, topic_id, sequence_number, is_active, created_by, created_at, updated_at) VALUES ('d24df0ae-2894-4a22-b793-3cd1ee28594f', 'Data privacy and security policies are enforced for AI projects.', 'multiple_choice', 'cd1a7c9d-747b-4a09-bdb1-9def03e0da89', 1, true, '1141658a-2434-48af-8e55-96307bd240fd', '2025-07-11T05:54:56.3101+00:00', '2025-07-11T05:54:56.3101+00:00');
INSERT INTO questions (id, question, type, topic_id, sequence_number, is_active, created_by, created_at, updated_at) VALUES ('7961ce69-bfbd-4939-80ba-7595dc5e2973', 'AI ethics guidelines (fairness, transparency) are documented and followed.', 'multiple_choice', 'cd1a7c9d-747b-4a09-bdb1-9def03e0da89', 2, true, '1141658a-2434-48af-8e55-96307bd240fd', '2025-07-11T05:54:56.518739+00:00', '2025-07-11T05:54:56.518739+00:00');
INSERT INTO questions (id, question, type, topic_id, sequence_number, is_active, created_by, created_at, updated_at) VALUES ('2cb50438-9f37-423c-8491-d942b70ba607', 'Regulatory compliance for AI systems is regularly reviewed.', 'multiple_choice', 'cd1a7c9d-747b-4a09-bdb1-9def03e0da89', 3, true, '1141658a-2434-48af-8e55-96307bd240fd', '2025-07-11T05:54:56.745397+00:00', '2025-07-11T05:54:56.745397+00:00');
INSERT INTO questions (id, question, type, topic_id, sequence_number, is_active, created_by, created_at, updated_at) VALUES ('6b4c43a8-88a5-4f6e-af2b-11634fd6bbd2', 'There is a governance board overseeing AI initiatives.', 'multiple_choice', 'cd1a7c9d-747b-4a09-bdb1-9def03e0da89', 4, true, '1141658a-2434-48af-8e55-96307bd240fd', '2025-07-11T05:54:56.964249+00:00', '2025-07-11T05:54:56.964249+00:00');
INSERT INTO questions (id, question, type, topic_id, sequence_number, is_active, created_by, created_at, updated_at) VALUES ('a06ac0e8-0d63-4b1f-89f8-de412a60005f', 'Regular audits are conducted on AI models and data usage.', 'multiple_choice', 'cd1a7c9d-747b-4a09-bdb1-9def03e0da89', 5, true, '1141658a-2434-48af-8e55-96307bd240fd', '2025-07-11T05:54:57.179946+00:00', '2025-07-11T05:54:57.179946+00:00');
INSERT INTO questions (id, question, type, topic_id, sequence_number, is_active, created_by, created_at, updated_at) VALUES ('245fc005-80bb-46f7-93cb-0f33d81d0fe9', 'The database design follows normalization principles:', 'multiple_choice', 'd4aff3d5-6950-4d8a-8844-4bb13044595c', 11, true, '1141658a-2434-48af-8e55-96307bd240fd', '2025-07-11T08:45:45.086837+00:00', '2025-07-11T08:45:45.086837+00:00');
INSERT INTO questions (id, question, type, topic_id, sequence_number, is_active, created_by, created_at, updated_at) VALUES ('65ea2c48-acbc-42ec-96c1-c8f13800b7f1', 'Data models are documented and maintained:', 'multiple_choice', 'd4aff3d5-6950-4d8a-8844-4bb13044595c', 12, true, '1141658a-2434-48af-8e55-96307bd240fd', '2025-07-11T08:45:45.304316+00:00', '2025-07-11T08:45:45.304316+00:00');
INSERT INTO questions (id, question, type, topic_id, sequence_number, is_active, created_by, created_at, updated_at) VALUES ('8a411b27-383e-4976-94e2-9a1e949089c4', 'Naming conventions and standards are consistently applied:', 'multiple_choice', 'd4aff3d5-6950-4d8a-8844-4bb13044595c', 13, true, '1141658a-2434-48af-8e55-96307bd240fd', '2025-07-11T08:45:45.527366+00:00', '2025-07-11T08:45:45.527366+00:00');
INSERT INTO questions (id, question, type, topic_id, sequence_number, is_active, created_by, created_at, updated_at) VALUES ('04354a71-6796-4a93-a687-71e8777fe5c6', 'The database supports both OLTP and OLAP workloads:', 'multiple_choice', 'd4aff3d5-6950-4d8a-8844-4bb13044595c', 14, true, '1141658a-2434-48af-8e55-96307bd240fd', '2025-07-11T08:45:45.747267+00:00', '2025-07-11T08:45:45.747267+00:00');
INSERT INTO questions (id, question, type, topic_id, sequence_number, is_active, created_by, created_at, updated_at) VALUES ('c32ff803-8b2e-4eb5-bc38-3ccbec5e50fc', 'How often are schema changes reviewed and approved?', 'multiple_choice', 'd4aff3d5-6950-4d8a-8844-4bb13044595c', 15, true, '1141658a-2434-48af-8e55-96307bd240fd', '2025-07-11T08:45:45.969156+00:00', '2025-07-11T08:45:45.969156+00:00');
INSERT INTO questions (id, question, type, topic_id, sequence_number, is_active, created_by, created_at, updated_at) VALUES ('4fe3fd0e-2201-49e5-9d6c-c6777bf0736f', 'Uses centralized logging & monitoring (ELK, Prometheus, Grafana, OpenTelemetry)?', 'yes_no', 'd7963156-b72a-4b9e-af91-9421bd5a543b', 1, true, '1141658a-2434-48af-8e55-96307bd240fd', '2025-07-11T06:07:13.642232+00:00', '2025-07-11T06:07:13.642232+00:00');
INSERT INTO questions (id, question, type, topic_id, sequence_number, is_active, created_by, created_at, updated_at) VALUES ('3a830643-555e-4c73-b37c-0dead17a9be5', 'Has automated incident response (AIOps, alerting, self-healing)?', 'yes_no', 'd7963156-b72a-4b9e-af91-9421bd5a543b', 2, true, '1141658a-2434-48af-8e55-96307bd240fd', '2025-07-11T06:07:13.896187+00:00', '2025-07-11T06:07:13.896187+00:00');
INSERT INTO questions (id, question, type, topic_id, sequence_number, is_active, created_by, created_at, updated_at) VALUES ('611d979b-bf66-4d2a-99c7-4bb004e4948a', 'Tracks business & technical metrics (performance, SLAs, user behavior)?', 'yes_no', 'd7963156-b72a-4b9e-af91-9421bd5a543b', 3, true, '1141658a-2434-48af-8e55-96307bd240fd', '2025-07-11T06:07:14.188271+00:00', '2025-07-11T06:07:14.188271+00:00');
INSERT INTO questions (id, question, type, topic_id, sequence_number, is_active, created_by, created_at, updated_at) VALUES ('5c26106f-7a96-4059-bfdb-78434b489cea', 'There is a documented data governance framework in place:', 'multiple_choice', 'e873c2df-c98e-4040-ae2a-524a17022d7b', 29, true, '1141658a-2434-48af-8e55-96307bd240fd', '2025-07-11T08:45:48.931088+00:00', '2025-07-11T08:45:48.931088+00:00');
INSERT INTO questions (id, question, type, topic_id, sequence_number, is_active, created_by, created_at, updated_at) VALUES ('577794cd-dd3c-4d4e-a8df-377c49f38b9b', 'Data ownership and stewardship roles are clearly defined:', 'multiple_choice', 'e873c2df-c98e-4040-ae2a-524a17022d7b', 30, true, '1141658a-2434-48af-8e55-96307bd240fd', '2025-07-11T08:45:49.13234+00:00', '2025-07-11T08:45:49.13234+00:00');
INSERT INTO questions (id, question, type, topic_id, sequence_number, is_active, created_by, created_at, updated_at) VALUES ('cdbc2b31-ea30-4289-8f87-97a49314b677', 'Data retention policies are defined and enforced:', 'multiple_choice', 'f6e0756d-2d87-4399-9251-fc4b87f9c317', 21, true, '1141658a-2434-48af-8e55-96307bd240fd', '2025-07-11T08:45:47.192005+00:00', '2025-07-11T08:45:47.192005+00:00');
INSERT INTO questions (id, question, type, topic_id, sequence_number, is_active, created_by, created_at, updated_at) VALUES ('ed1b56a8-5f9c-4a84-a1b7-3d9eceb2d887', 'Data archiving is automated:', 'multiple_choice', 'f6e0756d-2d87-4399-9251-fc4b87f9c317', 22, true, '1141658a-2434-48af-8e55-96307bd240fd', '2025-07-11T08:45:47.393981+00:00', '2025-07-11T08:45:47.393981+00:00');
INSERT INTO questions (id, question, type, topic_id, sequence_number, is_active, created_by, created_at, updated_at) VALUES ('921ee964-de24-42de-bebd-290bcc62f402', 'How often is obsolete data purged?', 'multiple_choice', 'f6e0756d-2d87-4399-9251-fc4b87f9c317', 23, true, '1141658a-2434-48af-8e55-96307bd240fd', '2025-07-11T08:45:47.609285+00:00', '2025-07-11T08:45:47.609285+00:00');
INSERT INTO questions (id, question, type, topic_id, sequence_number, is_active, created_by, created_at, updated_at) VALUES ('84721c51-ae06-4b6a-9ead-629e21d9e865', 'Backups are taken and tested regularly:', 'multiple_choice', 'f6e0756d-2d87-4399-9251-fc4b87f9c317', 24, true, '1141658a-2434-48af-8e55-96307bd240fd', '2025-07-11T08:45:47.815528+00:00', '2025-07-11T08:45:47.815528+00:00');
INSERT INTO questions (id, question, type, topic_id, sequence_number, is_active, created_by, created_at, updated_at) VALUES ('29cb684d-1550-47af-bce7-cd5839268b0d', 'The database supports data versioning and change tracking:', 'multiple_choice', 'f6e0756d-2d87-4399-9251-fc4b87f9c317', 25, true, '1141658a-2434-48af-8e55-96307bd240fd', '2025-07-11T08:45:48.030322+00:00', '2025-07-11T08:45:48.030322+00:00');

-- Insert answers data (501 records)
INSERT INTO answers (id, text, is_correct, marks, comment, question_id, created_at, updated_at) VALUES ('f912b3e9-877e-40a8-aec1-9d08cfb17f4d', 'No', NULL, '0', NULL, '0062b4b0-7a12-4931-9c4b-a2734b4de8f3', '2025-07-11T06:07:12.413599+00:00', '2025-07-11T06:07:12.413599+00:00');
INSERT INTO answers (id, text, is_correct, marks, comment, question_id, created_at, updated_at) VALUES ('957b9aed-f671-4600-af17-f64710760f1d', 'Yes', NULL, '1', NULL, '0062b4b0-7a12-4931-9c4b-a2734b4de8f3', '2025-07-11T06:07:12.413599+00:00', '2025-07-11T06:07:12.413599+00:00');
INSERT INTO answers (id, text, is_correct, marks, comment, question_id, created_at, updated_at) VALUES ('69508aaa-6e96-4b42-91c5-f862f82859ea', '4 - Agree', NULL, '4', NULL, '0070958b-1369-4953-9862-6c297e0da413', '2025-07-11T05:54:52.329436+00:00', '2025-07-11T05:54:52.329436+00:00');
INSERT INTO answers (id, text, is_correct, marks, comment, question_id, created_at, updated_at) VALUES ('e820c5a9-0998-4a05-a021-9bdda48c4b1e', '2 - Disagree', NULL, '2', NULL, '0070958b-1369-4953-9862-6c297e0da413', '2025-07-11T05:54:52.329436+00:00', '2025-07-11T05:54:52.329436+00:00');
INSERT INTO answers (id, text, is_correct, marks, comment, question_id, created_at, updated_at) VALUES ('d250378f-3e60-4f77-9ff5-0918f187ea51', '1 - Strongly Disagree', NULL, '1', NULL, '0070958b-1369-4953-9862-6c297e0da413', '2025-07-11T05:54:52.329436+00:00', '2025-07-11T05:54:52.329436+00:00');
INSERT INTO answers (id, text, is_correct, marks, comment, question_id, created_at, updated_at) VALUES ('bc3f837d-00a9-477a-8615-46e66e7d84f1', '3 - Neutral', NULL, '3', NULL, '0070958b-1369-4953-9862-6c297e0da413', '2025-07-11T05:54:52.329436+00:00', '2025-07-11T05:54:52.329436+00:00');
INSERT INTO answers (id, text, is_correct, marks, comment, question_id, created_at, updated_at) VALUES ('53927b6c-907f-41c6-a5ec-ddae1649b545', '5 - Strongly Agree', NULL, '5', NULL, '0070958b-1369-4953-9862-6c297e0da413', '2025-07-11T05:54:52.329436+00:00', '2025-07-11T05:54:52.329436+00:00');
INSERT INTO answers (id, text, is_correct, marks, comment, question_id, created_at, updated_at) VALUES ('7881f52b-71a0-47e9-b7b1-42dd834c5463', '2 - Disagree', NULL, '2', NULL, '02d03290-3e89-43e3-96d1-251558b1a34e', '2025-07-11T05:54:50.446055+00:00', '2025-07-11T05:54:50.446055+00:00');
INSERT INTO answers (id, text, is_correct, marks, comment, question_id, created_at, updated_at) VALUES ('61c077fc-367c-4ed3-9913-4244b777e748', '5 - Strongly Agree', NULL, '5', NULL, '02d03290-3e89-43e3-96d1-251558b1a34e', '2025-07-11T05:54:50.446055+00:00', '2025-07-11T05:54:50.446055+00:00');
INSERT INTO answers (id, text, is_correct, marks, comment, question_id, created_at, updated_at) VALUES ('b2c33fae-a17b-4bad-b460-54e814eb5dd7', '4 - Agree', NULL, '4', NULL, '02d03290-3e89-43e3-96d1-251558b1a34e', '2025-07-11T05:54:50.446055+00:00', '2025-07-11T05:54:50.446055+00:00');
INSERT INTO answers (id, text, is_correct, marks, comment, question_id, created_at, updated_at) VALUES ('ee232543-f615-4a60-b25e-cb1980652aa6', '3 - Neutral', NULL, '3', NULL, '02d03290-3e89-43e3-96d1-251558b1a34e', '2025-07-11T05:54:50.446055+00:00', '2025-07-11T05:54:50.446055+00:00');
INSERT INTO answers (id, text, is_correct, marks, comment, question_id, created_at, updated_at) VALUES ('f4df91c1-5a05-43be-be6d-d9c7a1471a81', '1 - Strongly Disagree', NULL, '1', NULL, '02d03290-3e89-43e3-96d1-251558b1a34e', '2025-07-11T05:54:50.446055+00:00', '2025-07-11T05:54:50.446055+00:00');
INSERT INTO answers (id, text, is_correct, marks, comment, question_id, created_at, updated_at) VALUES ('d4936b35-05a3-4952-8978-faa2d09716d1', '3 - Neutral', NULL, '3', NULL, '034c7fbc-476f-4b85-a26c-2fdc22c90282', '2025-07-11T05:54:47.616409+00:00', '2025-07-11T05:54:47.616409+00:00');
INSERT INTO answers (id, text, is_correct, marks, comment, question_id, created_at, updated_at) VALUES ('2f911e06-a686-4772-8396-15aa125a3dac', '5 - Strongly Agree', NULL, '5', NULL, '034c7fbc-476f-4b85-a26c-2fdc22c90282', '2025-07-11T05:54:47.616409+00:00', '2025-07-11T05:54:47.616409+00:00');
INSERT INTO answers (id, text, is_correct, marks, comment, question_id, created_at, updated_at) VALUES ('a9ac68d0-b1a6-4ae6-a124-c673371c21f2', '1 - Strongly Disagree', NULL, '1', NULL, '034c7fbc-476f-4b85-a26c-2fdc22c90282', '2025-07-11T05:54:47.616409+00:00', '2025-07-11T05:54:47.616409+00:00');
INSERT INTO answers (id, text, is_correct, marks, comment, question_id, created_at, updated_at) VALUES ('5c0e8bd4-c4a3-43f8-b13c-b0f8b6a5c272', '2 - Disagree', NULL, '2', NULL, '034c7fbc-476f-4b85-a26c-2fdc22c90282', '2025-07-11T05:54:47.616409+00:00', '2025-07-11T05:54:47.616409+00:00');
INSERT INTO answers (id, text, is_correct, marks, comment, question_id, created_at, updated_at) VALUES ('f096f7ba-e732-4d71-82ba-bf36203e19cc', '4 - Agree', NULL, '4', NULL, '034c7fbc-476f-4b85-a26c-2fdc22c90282', '2025-07-11T05:54:47.616409+00:00', '2025-07-11T05:54:47.616409+00:00');
INSERT INTO answers (id, text, is_correct, marks, comment, question_id, created_at, updated_at) VALUES ('c0ce1cd4-ac53-4290-ac42-3ef1e8868a77', 'Yes', NULL, '1', NULL, '037e2cbf-e273-47e1-9e81-b29c1286e98a', '2025-07-11T06:07:08.476202+00:00', '2025-07-11T06:07:08.476202+00:00');
INSERT INTO answers (id, text, is_correct, marks, comment, question_id, created_at, updated_at) VALUES ('aed734b2-415d-4100-bd63-f643abd1842a', 'No', NULL, '0', NULL, '037e2cbf-e273-47e1-9e81-b29c1286e98a', '2025-07-11T06:07:08.476202+00:00', '2025-07-11T06:07:08.476202+00:00');
INSERT INTO answers (id, text, is_correct, marks, comment, question_id, created_at, updated_at) VALUES ('92ee048b-3c7c-4a62-831a-7c873e7de596', 'Strongly disagree', NULL, '1', NULL, '04354a71-6796-4a93-a687-71e8777fe5c6', '2025-07-11T08:45:45.851895+00:00', '2025-07-11T08:45:45.851895+00:00');
INSERT INTO answers (id, text, is_correct, marks, comment, question_id, created_at, updated_at) VALUES ('43d4c555-58ca-4fbb-9447-50c39c6400ce', 'Neutral', NULL, '3', NULL, '04354a71-6796-4a93-a687-71e8777fe5c6', '2025-07-11T08:45:45.851895+00:00', '2025-07-11T08:45:45.851895+00:00');
INSERT INTO answers (id, text, is_correct, marks, comment, question_id, created_at, updated_at) VALUES ('be71bd27-d718-4cd1-8edc-9ebef4018b27', 'Agree', NULL, '4', NULL, '04354a71-6796-4a93-a687-71e8777fe5c6', '2025-07-11T08:45:45.851895+00:00', '2025-07-11T08:45:45.851895+00:00');
INSERT INTO answers (id, text, is_correct, marks, comment, question_id, created_at, updated_at) VALUES ('df5078d3-7498-49a9-949f-1a5335eb0345', 'Strongly agree', NULL, '5', NULL, '04354a71-6796-4a93-a687-71e8777fe5c6', '2025-07-11T08:45:45.851895+00:00', '2025-07-11T08:45:45.851895+00:00');
INSERT INTO answers (id, text, is_correct, marks, comment, question_id, created_at, updated_at) VALUES ('e7d8bb9f-5b50-42d7-9c12-aed647f5d30d', 'Disagree', NULL, '2', NULL, '04354a71-6796-4a93-a687-71e8777fe5c6', '2025-07-11T08:45:45.851895+00:00', '2025-07-11T08:45:45.851895+00:00');
INSERT INTO answers (id, text, is_correct, marks, comment, question_id, created_at, updated_at) VALUES ('f2f059a5-a4d3-4ee0-86a8-3a2b4a511f8e', '4 - Agree', NULL, '4', NULL, '06132f74-e22b-4a2f-8ead-b3ac0b174f37', '2025-07-11T05:54:51.229006+00:00', '2025-07-11T05:54:51.229006+00:00');
INSERT INTO answers (id, text, is_correct, marks, comment, question_id, created_at, updated_at) VALUES ('b8286dc4-f9c4-4ce2-8b2d-26e02a1bf45a', '1 - Strongly Disagree', NULL, '1', NULL, '06132f74-e22b-4a2f-8ead-b3ac0b174f37', '2025-07-11T05:54:51.229006+00:00', '2025-07-11T05:54:51.229006+00:00');
INSERT INTO answers (id, text, is_correct, marks, comment, question_id, created_at, updated_at) VALUES ('07734735-4892-4bc8-8f31-4d231c8f61af', '2 - Disagree', NULL, '2', NULL, '06132f74-e22b-4a2f-8ead-b3ac0b174f37', '2025-07-11T05:54:51.229006+00:00', '2025-07-11T05:54:51.229006+00:00');
INSERT INTO answers (id, text, is_correct, marks, comment, question_id, created_at, updated_at) VALUES ('af36caa6-9adc-49db-82b7-70e06c4c6bea', '3 - Neutral', NULL, '3', NULL, '06132f74-e22b-4a2f-8ead-b3ac0b174f37', '2025-07-11T05:54:51.229006+00:00', '2025-07-11T05:54:51.229006+00:00');
INSERT INTO answers (id, text, is_correct, marks, comment, question_id, created_at, updated_at) VALUES ('3e80eaa4-07d1-47fe-a35e-883f077c2f36', '5 - Strongly Agree', NULL, '5', NULL, '06132f74-e22b-4a2f-8ead-b3ac0b174f37', '2025-07-11T05:54:51.229006+00:00', '2025-07-11T05:54:51.229006+00:00');
INSERT INTO answers (id, text, is_correct, marks, comment, question_id, created_at, updated_at) VALUES ('a174255c-0f8c-4f87-a0ed-2ac81d66adb9', 'Fair', NULL, '3', NULL, '0705e5ad-d9c6-47b0-8c85-c1739f1f1e6a', '2025-07-11T08:45:43.25801+00:00', '2025-07-11T08:45:43.25801+00:00');
INSERT INTO answers (id, text, is_correct, marks, comment, question_id, created_at, updated_at) VALUES ('cbf2c15c-177a-4856-897a-7cade7747b38', 'Poor', NULL, '2', NULL, '0705e5ad-d9c6-47b0-8c85-c1739f1f1e6a', '2025-07-11T08:45:43.25801+00:00', '2025-07-11T08:45:43.25801+00:00');
INSERT INTO answers (id, text, is_correct, marks, comment, question_id, created_at, updated_at) VALUES ('77830b19-8133-4886-b67c-2f9397c84c40', 'Very poor', NULL, '1', NULL, '0705e5ad-d9c6-47b0-8c85-c1739f1f1e6a', '2025-07-11T08:45:43.25801+00:00', '2025-07-11T08:45:43.25801+00:00');
INSERT INTO answers (id, text, is_correct, marks, comment, question_id, created_at, updated_at) VALUES ('448a4e72-afe6-417e-b5e4-7cbfb6424194', 'Excellent', NULL, '5', NULL, '0705e5ad-d9c6-47b0-8c85-c1739f1f1e6a', '2025-07-11T08:45:43.25801+00:00', '2025-07-11T08:45:43.25801+00:00');
INSERT INTO answers (id, text, is_correct, marks, comment, question_id, created_at, updated_at) VALUES ('cccc31ac-5b71-46b4-aa98-d2aa6a680fcf', 'Good', NULL, '4', NULL, '0705e5ad-d9c6-47b0-8c85-c1739f1f1e6a', '2025-07-11T08:45:43.25801+00:00', '2025-07-11T08:45:43.25801+00:00');
INSERT INTO answers (id, text, is_correct, marks, comment, question_id, created_at, updated_at) VALUES ('1750a4b9-56df-42f7-96e9-b4f286302c77', 'Agree', NULL, '4', NULL, '092eadeb-327f-40a8-9c1f-7fd52536bf75', '2025-07-11T08:45:50.284891+00:00', '2025-07-11T08:45:50.284891+00:00');
INSERT INTO answers (id, text, is_correct, marks, comment, question_id, created_at, updated_at) VALUES ('4a19fc81-e245-4c2a-a02a-d3e674c5ead2', 'Disagree', NULL, '2', NULL, '092eadeb-327f-40a8-9c1f-7fd52536bf75', '2025-07-11T08:45:50.284891+00:00', '2025-07-11T08:45:50.284891+00:00');
INSERT INTO answers (id, text, is_correct, marks, comment, question_id, created_at, updated_at) VALUES ('5a142734-143d-414b-881e-5c5499901f5b', 'Strongly agree', NULL, '5', NULL, '092eadeb-327f-40a8-9c1f-7fd52536bf75', '2025-07-11T08:45:50.284891+00:00', '2025-07-11T08:45:50.284891+00:00');
INSERT INTO answers (id, text, is_correct, marks, comment, question_id, created_at, updated_at) VALUES ('c8a6ff19-c654-42be-9a64-15f3933d8852', 'Strongly disagree', NULL, '1', NULL, '092eadeb-327f-40a8-9c1f-7fd52536bf75', '2025-07-11T08:45:50.284891+00:00', '2025-07-11T08:45:50.284891+00:00');
INSERT INTO answers (id, text, is_correct, marks, comment, question_id, created_at, updated_at) VALUES ('ff6b3e38-db5b-4463-986b-4d06cf19c853', 'Neutral', NULL, '3', NULL, '092eadeb-327f-40a8-9c1f-7fd52536bf75', '2025-07-11T08:45:50.284891+00:00', '2025-07-11T08:45:50.284891+00:00');
INSERT INTO answers (id, text, is_correct, marks, comment, question_id, created_at, updated_at) VALUES ('c79a6080-2bc7-4f38-9a15-8ac7e59445f3', '5 - Strongly Agree', NULL, '5', NULL, '095f8661-8457-4811-b3a5-9d0cb534ebee', '2025-07-11T05:54:55.250723+00:00', '2025-07-11T05:54:55.250723+00:00');
INSERT INTO answers (id, text, is_correct, marks, comment, question_id, created_at, updated_at) VALUES ('adcb7d82-5469-494b-a27f-2832b2f58f1d', '1 - Strongly Disagree', NULL, '1', NULL, '095f8661-8457-4811-b3a5-9d0cb534ebee', '2025-07-11T05:54:55.250723+00:00', '2025-07-11T05:54:55.250723+00:00');
INSERT INTO answers (id, text, is_correct, marks, comment, question_id, created_at, updated_at) VALUES ('ac48f5be-27fd-4bb0-85ad-4341310602a0', '2 - Disagree', NULL, '2', NULL, '095f8661-8457-4811-b3a5-9d0cb534ebee', '2025-07-11T05:54:55.250723+00:00', '2025-07-11T05:54:55.250723+00:00');
INSERT INTO answers (id, text, is_correct, marks, comment, question_id, created_at, updated_at) VALUES ('499bed44-13b0-4707-b6b9-70d8951b6699', '3 - Neutral', NULL, '3', NULL, '095f8661-8457-4811-b3a5-9d0cb534ebee', '2025-07-11T05:54:55.250723+00:00', '2025-07-11T05:54:55.250723+00:00');
INSERT INTO answers (id, text, is_correct, marks, comment, question_id, created_at, updated_at) VALUES ('7f823854-9975-4bf6-8947-409bdf22d485', '4 - Agree', NULL, '4', NULL, '095f8661-8457-4811-b3a5-9d0cb534ebee', '2025-07-11T05:54:55.250723+00:00', '2025-07-11T05:54:55.250723+00:00');
INSERT INTO answers (id, text, is_correct, marks, comment, question_id, created_at, updated_at) VALUES ('ea384a73-15f7-4cf7-b706-382ecb7a2cf8', 'Ansible', false, '5', NULL, '0b2c9875-4426-497a-a68d-004f30482d3a', '2025-03-06T16:37:58.750909+00:00', '2025-03-06T16:37:58.750909+00:00');
INSERT INTO answers (id, text, is_correct, marks, comment, question_id, created_at, updated_at) VALUES ('119753e4-cd6b-4700-9e97-f0761d1a1a23', 'Puppet', false, '2', NULL, '0b2c9875-4426-497a-a68d-004f30482d3a', '2025-03-06T16:37:58.750909+00:00', '2025-03-06T16:37:58.750909+00:00');
INSERT INTO answers (id, text, is_correct, marks, comment, question_id, created_at, updated_at) VALUES ('b42a0fa9-f449-486b-8589-b74350996fc9', 'Terraform', false, '10', NULL, '0b2c9875-4426-497a-a68d-004f30482d3a', '2025-03-06T16:37:58.750909+00:00', '2025-03-06T16:37:58.750909+00:00');
INSERT INTO answers (id, text, is_correct, marks, comment, question_id, created_at, updated_at) VALUES ('6a8edd78-b19a-4c49-bfae-fa0564def555', 'Others', false, '1', NULL, '0b2c9875-4426-497a-a68d-004f30482d3a', '2025-03-06T16:37:58.750909+00:00', '2025-03-06T16:37:58.750909+00:00');
INSERT INTO answers (id, text, is_correct, marks, comment, question_id, created_at, updated_at) VALUES ('5a756eec-8aaf-4711-937a-ba8ce7fcb766', 'Agree', NULL, '4', NULL, '0df89d69-15c0-4ee0-8d64-a745a491ae25', '2025-07-11T08:45:46.484769+00:00', '2025-07-11T08:45:46.484769+00:00');
INSERT INTO answers (id, text, is_correct, marks, comment, question_id, created_at, updated_at) VALUES ('4f1b5ab0-efcf-4946-8026-8ad5bec202b6', 'Neutral', NULL, '3', NULL, '0df89d69-15c0-4ee0-8d64-a745a491ae25', '2025-07-11T08:45:46.484769+00:00', '2025-07-11T08:45:46.484769+00:00');
INSERT INTO answers (id, text, is_correct, marks, comment, question_id, created_at, updated_at) VALUES ('6999142c-60b7-42fc-9bf4-2e7202c9d641', 'Disagree', NULL, '2', NULL, '0df89d69-15c0-4ee0-8d64-a745a491ae25', '2025-07-11T08:45:46.484769+00:00', '2025-07-11T08:45:46.484769+00:00');
INSERT INTO answers (id, text, is_correct, marks, comment, question_id, created_at, updated_at) VALUES ('fb4dc48d-d2a7-42b7-a7d0-726c2ab59453', 'Strongly disagree', NULL, '1', NULL, '0df89d69-15c0-4ee0-8d64-a745a491ae25', '2025-07-11T08:45:46.484769+00:00', '2025-07-11T08:45:46.484769+00:00');
INSERT INTO answers (id, text, is_correct, marks, comment, question_id, created_at, updated_at) VALUES ('b4a656da-31d1-4898-9cce-db8c639916e1', 'Strongly agree', NULL, '5', NULL, '0df89d69-15c0-4ee0-8d64-a745a491ae25', '2025-07-11T08:45:46.484769+00:00', '2025-07-11T08:45:46.484769+00:00');
INSERT INTO answers (id, text, is_correct, marks, comment, question_id, created_at, updated_at) VALUES ('44488e41-a2c2-4fad-a5e2-83a73cef3c59', '5 - Strongly Agree', NULL, '5', NULL, '0e089d42-f6b0-41fe-b191-19fc03e8da44', '2025-07-11T05:54:53.087213+00:00', '2025-07-11T05:54:53.087213+00:00');
INSERT INTO answers (id, text, is_correct, marks, comment, question_id, created_at, updated_at) VALUES ('953ce351-f49f-4f5f-94bc-54b6675bd06f', '2 - Disagree', NULL, '2', NULL, '0e089d42-f6b0-41fe-b191-19fc03e8da44', '2025-07-11T05:54:53.087213+00:00', '2025-07-11T05:54:53.087213+00:00');
INSERT INTO answers (id, text, is_correct, marks, comment, question_id, created_at, updated_at) VALUES ('9b306fa1-6afe-4cc8-973b-88facaf70dcf', '3 - Neutral', NULL, '3', NULL, '0e089d42-f6b0-41fe-b191-19fc03e8da44', '2025-07-11T05:54:53.087213+00:00', '2025-07-11T05:54:53.087213+00:00');
INSERT INTO answers (id, text, is_correct, marks, comment, question_id, created_at, updated_at) VALUES ('185a96ce-8ebc-4e32-81d9-482bd209c452', '4 - Agree', NULL, '4', NULL, '0e089d42-f6b0-41fe-b191-19fc03e8da44', '2025-07-11T05:54:53.087213+00:00', '2025-07-11T05:54:53.087213+00:00');
INSERT INTO answers (id, text, is_correct, marks, comment, question_id, created_at, updated_at) VALUES ('fec71136-d268-49da-85b9-6333b904268f', '1 - Strongly Disagree', NULL, '1', NULL, '0e089d42-f6b0-41fe-b191-19fc03e8da44', '2025-07-11T05:54:53.087213+00:00', '2025-07-11T05:54:53.087213+00:00');
INSERT INTO answers (id, text, is_correct, marks, comment, question_id, created_at, updated_at) VALUES ('88faac6d-8d01-4f40-865d-53026edcc2db', 'As soon as released', NULL, '5', NULL, '10b7ed04-5234-4f45-aca0-51d89251ba31', '2025-07-11T08:45:46.881292+00:00', '2025-07-11T08:45:46.881292+00:00');
INSERT INTO answers (id, text, is_correct, marks, comment, question_id, created_at, updated_at) VALUES ('cec9c02e-b4a6-4436-a1cc-c2b022155e48', 'Quarterly', NULL, '3', NULL, '10b7ed04-5234-4f45-aca0-51d89251ba31', '2025-07-11T08:45:46.881292+00:00', '2025-07-11T08:45:46.881292+00:00');
INSERT INTO answers (id, text, is_correct, marks, comment, question_id, created_at, updated_at) VALUES ('b764cf78-388f-490a-aa61-8490ae8e2711', 'Annually', NULL, '2', NULL, '10b7ed04-5234-4f45-aca0-51d89251ba31', '2025-07-11T08:45:46.881292+00:00', '2025-07-11T08:45:46.881292+00:00');
INSERT INTO answers (id, text, is_correct, marks, comment, question_id, created_at, updated_at) VALUES ('8b21112f-93bc-47c0-b480-c002047e572b', 'Rarely/never', NULL, '1', NULL, '10b7ed04-5234-4f45-aca0-51d89251ba31', '2025-07-11T08:45:46.881292+00:00', '2025-07-11T08:45:46.881292+00:00');
INSERT INTO answers (id, text, is_correct, marks, comment, question_id, created_at, updated_at) VALUES ('1a251386-73f7-4bfe-9381-125710aecaea', 'Monthly', NULL, '4', NULL, '10b7ed04-5234-4f45-aca0-51d89251ba31', '2025-07-11T08:45:46.881292+00:00', '2025-07-11T08:45:46.881292+00:00');
INSERT INTO answers (id, text, is_correct, marks, comment, question_id, created_at, updated_at) VALUES ('6a3ce211-f134-4c6d-bc39-300c53288d0f', 'No', NULL, '0', NULL, '11dec4eb-0d1b-49b1-83fa-578ea00d0c93', '2025-07-11T06:07:15.460585+00:00', '2025-07-11T06:07:15.460585+00:00');
INSERT INTO answers (id, text, is_correct, marks, comment, question_id, created_at, updated_at) VALUES ('ee26f2d9-10e5-4714-814c-cc95da4b4120', 'Yes', NULL, '1', NULL, '11dec4eb-0d1b-49b1-83fa-578ea00d0c93', '2025-07-11T06:07:15.460585+00:00', '2025-07-11T06:07:15.460585+00:00');
INSERT INTO answers (id, text, is_correct, marks, comment, question_id, created_at, updated_at) VALUES ('4e925e60-ab1c-4d2a-96e7-dd027d330cfa', '5 - Strongly Agree', NULL, '5', NULL, '17c3c363-a916-4a39-a99f-a3e77cab39de', '2025-07-11T05:54:49.122918+00:00', '2025-07-11T05:54:49.122918+00:00');
INSERT INTO answers (id, text, is_correct, marks, comment, question_id, created_at, updated_at) VALUES ('6d7d93f5-e3e8-4438-9eb4-aa46fc01e5d1', '1 - Strongly Disagree', NULL, '1', NULL, '17c3c363-a916-4a39-a99f-a3e77cab39de', '2025-07-11T05:54:49.122918+00:00', '2025-07-11T05:54:49.122918+00:00');
INSERT INTO answers (id, text, is_correct, marks, comment, question_id, created_at, updated_at) VALUES ('c5bf61fb-e2a9-4b8c-8f98-ab723ab62e1e', '2 - Disagree', NULL, '2', NULL, '17c3c363-a916-4a39-a99f-a3e77cab39de', '2025-07-11T05:54:49.122918+00:00', '2025-07-11T05:54:49.122918+00:00');
INSERT INTO answers (id, text, is_correct, marks, comment, question_id, created_at, updated_at) VALUES ('efb79ae1-2e26-4027-8f67-dea4ba0c178b', '3 - Neutral', NULL, '3', NULL, '17c3c363-a916-4a39-a99f-a3e77cab39de', '2025-07-11T05:54:49.122918+00:00', '2025-07-11T05:54:49.122918+00:00');
INSERT INTO answers (id, text, is_correct, marks, comment, question_id, created_at, updated_at) VALUES ('fd2366d0-e0c7-483a-8d62-a82ba666dc3c', '4 - Agree', NULL, '4', NULL, '17c3c363-a916-4a39-a99f-a3e77cab39de', '2025-07-11T05:54:49.122918+00:00', '2025-07-11T05:54:49.122918+00:00');
INSERT INTO answers (id, text, is_correct, marks, comment, question_id, created_at, updated_at) VALUES ('f9122c85-1fb5-48cf-8854-1c03d2edaa92', 'We do not haven any', false, '2', 'text', '17fb3bdf-624e-40fd-8c8f-f555107c6f05', '2025-03-03T11:49:31.445983+00:00', '2025-03-03T11:49:31.445983+00:00');
INSERT INTO answers (id, text, is_correct, marks, comment, question_id, created_at, updated_at) VALUES ('b9f73757-c23d-46ab-9e69-811c0829588d', 'GitHub', false, '10', 'test', '17fb3bdf-624e-40fd-8c8f-f555107c6f05', '2025-03-03T11:49:31.445983+00:00', '2025-03-03T11:49:31.445983+00:00');
INSERT INTO answers (id, text, is_correct, marks, comment, question_id, created_at, updated_at) VALUES ('ec16d193-9c0d-42db-93ba-2d596a4a66ab', 'Disagree', NULL, '2', NULL, '1dde08d9-fafc-4d3e-8740-79bc25b64221', '2025-07-11T08:45:51.120714+00:00', '2025-07-11T08:45:51.120714+00:00');
INSERT INTO answers (id, text, is_correct, marks, comment, question_id, created_at, updated_at) VALUES ('93f3e2ed-d1f3-4459-bf2f-e5c58f4d7159', 'Strongly disagree', NULL, '1', NULL, '1dde08d9-fafc-4d3e-8740-79bc25b64221', '2025-07-11T08:45:51.120714+00:00', '2025-07-11T08:45:51.120714+00:00');
INSERT INTO answers (id, text, is_correct, marks, comment, question_id, created_at, updated_at) VALUES ('55919e16-151d-4c8d-85c1-88758805e955', 'Agree', NULL, '4', NULL, '1dde08d9-fafc-4d3e-8740-79bc25b64221', '2025-07-11T08:45:51.120714+00:00', '2025-07-11T08:45:51.120714+00:00');
INSERT INTO answers (id, text, is_correct, marks, comment, question_id, created_at, updated_at) VALUES ('5e722aee-893c-4f48-88fe-2c24713f777f', 'Neutral', NULL, '3', NULL, '1dde08d9-fafc-4d3e-8740-79bc25b64221', '2025-07-11T08:45:51.120714+00:00', '2025-07-11T08:45:51.120714+00:00');
INSERT INTO answers (id, text, is_correct, marks, comment, question_id, created_at, updated_at) VALUES ('9db4f11d-3f9a-4098-a858-17841bed277c', 'Strongly agree', NULL, '5', NULL, '1dde08d9-fafc-4d3e-8740-79bc25b64221', '2025-07-11T08:45:51.120714+00:00', '2025-07-11T08:45:51.120714+00:00');
INSERT INTO answers (id, text, is_correct, marks, comment, question_id, created_at, updated_at) VALUES ('46b45403-7610-41da-a1dc-fb334b4fdd80', 'PostgreSQL', NULL, '3', NULL, '1dfee97a-e485-4c42-b744-7570087dc27a', '2025-07-11T08:45:42.575388+00:00', '2025-07-11T08:45:42.575388+00:00');
INSERT INTO answers (id, text, is_correct, marks, comment, question_id, created_at, updated_at) VALUES ('d28d348a-74dc-49d4-afbc-a3d893a7b48b', 'MySQL', NULL, '4', NULL, '1dfee97a-e485-4c42-b744-7570087dc27a', '2025-07-11T08:45:42.575388+00:00', '2025-07-11T08:45:42.575388+00:00');
INSERT INTO answers (id, text, is_correct, marks, comment, question_id, created_at, updated_at) VALUES ('997ee883-bcff-4483-a9eb-f0c25204266e', 'MS SQL Server', NULL, '2', NULL, '1dfee97a-e485-4c42-b744-7570087dc27a', '2025-07-11T08:45:42.575388+00:00', '2025-07-11T08:45:42.575388+00:00');
INSERT INTO answers (id, text, is_correct, marks, comment, question_id, created_at, updated_at) VALUES ('f7db60c8-8475-4873-ab07-d8aa9b686584', 'Other', NULL, '5', NULL, '1dfee97a-e485-4c42-b744-7570087dc27a', '2025-07-11T08:45:42.575388+00:00', '2025-07-11T08:45:42.575388+00:00');
INSERT INTO answers (id, text, is_correct, marks, comment, question_id, created_at, updated_at) VALUES ('fd800216-e34e-4e3b-b7e6-58349f3dc44f', 'Oracle', NULL, '1', NULL, '1dfee97a-e485-4c42-b744-7570087dc27a', '2025-07-11T08:45:42.575388+00:00', '2025-07-11T08:45:42.575388+00:00');
INSERT INTO answers (id, text, is_correct, marks, comment, question_id, created_at, updated_at) VALUES ('16e49315-d27b-446d-a08e-83b26b735652', '4 - Agree', NULL, '4', NULL, '23127650-1732-4c06-8b4f-c3f07fb6dd3b', '2025-07-11T05:54:52.53367+00:00', '2025-07-11T05:54:52.53367+00:00');
INSERT INTO answers (id, text, is_correct, marks, comment, question_id, created_at, updated_at) VALUES ('86614613-7398-4b6f-8560-03ef21829b87', '2 - Disagree', NULL, '2', NULL, '23127650-1732-4c06-8b4f-c3f07fb6dd3b', '2025-07-11T05:54:52.53367+00:00', '2025-07-11T05:54:52.53367+00:00');
INSERT INTO answers (id, text, is_correct, marks, comment, question_id, created_at, updated_at) VALUES ('a7e128a4-8663-45cb-8f46-af8a3f6d1514', '5 - Strongly Agree', NULL, '5', NULL, '23127650-1732-4c06-8b4f-c3f07fb6dd3b', '2025-07-11T05:54:52.53367+00:00', '2025-07-11T05:54:52.53367+00:00');
INSERT INTO answers (id, text, is_correct, marks, comment, question_id, created_at, updated_at) VALUES ('5966078c-01b0-4457-9b81-cf951803b3ff', '1 - Strongly Disagree', NULL, '1', NULL, '23127650-1732-4c06-8b4f-c3f07fb6dd3b', '2025-07-11T05:54:52.53367+00:00', '2025-07-11T05:54:52.53367+00:00');
INSERT INTO answers (id, text, is_correct, marks, comment, question_id, created_at, updated_at) VALUES ('65548b66-dac6-4c34-8bae-64c9d0e1ff39', '3 - Neutral', NULL, '3', NULL, '23127650-1732-4c06-8b4f-c3f07fb6dd3b', '2025-07-11T05:54:52.53367+00:00', '2025-07-11T05:54:52.53367+00:00');
INSERT INTO answers (id, text, is_correct, marks, comment, question_id, created_at, updated_at) VALUES ('5693571f-b816-40fd-824f-76918b632421', '2 - Disagree', NULL, '2', NULL, '235d84b6-dfc4-426d-a16f-d817537bf51d', '2025-07-11T05:54:57.817519+00:00', '2025-07-11T05:54:57.817519+00:00');
INSERT INTO answers (id, text, is_correct, marks, comment, question_id, created_at, updated_at) VALUES ('4ce311cc-6dcb-4042-94e8-e3eb090249ef', '5 - Strongly Agree', NULL, '5', NULL, '235d84b6-dfc4-426d-a16f-d817537bf51d', '2025-07-11T05:54:57.817519+00:00', '2025-07-11T05:54:57.817519+00:00');
INSERT INTO answers (id, text, is_correct, marks, comment, question_id, created_at, updated_at) VALUES ('348c06a1-fcde-47d6-9b26-97227f8e4f36', '4 - Agree', NULL, '4', NULL, '235d84b6-dfc4-426d-a16f-d817537bf51d', '2025-07-11T05:54:57.817519+00:00', '2025-07-11T05:54:57.817519+00:00');
INSERT INTO answers (id, text, is_correct, marks, comment, question_id, created_at, updated_at) VALUES ('7194968c-7828-4db9-8f72-cea0609f2731', '3 - Neutral', NULL, '3', NULL, '235d84b6-dfc4-426d-a16f-d817537bf51d', '2025-07-11T05:54:57.817519+00:00', '2025-07-11T05:54:57.817519+00:00');
INSERT INTO answers (id, text, is_correct, marks, comment, question_id, created_at, updated_at) VALUES ('a26fcd6a-5962-4195-b060-6019b3a2b517', '1 - Strongly Disagree', NULL, '1', NULL, '235d84b6-dfc4-426d-a16f-d817537bf51d', '2025-07-11T05:54:57.817519+00:00', '2025-07-11T05:54:57.817519+00:00');
INSERT INTO answers (id, text, is_correct, marks, comment, question_id, created_at, updated_at) VALUES ('ffe0cb1d-e69b-47ce-b1e8-d82465da7283', 'Strongly agree', NULL, '5', NULL, '245fc005-80bb-46f7-93cb-0f33d81d0fe9', '2025-07-11T08:45:45.192964+00:00', '2025-07-11T08:45:45.192964+00:00');
INSERT INTO answers (id, text, is_correct, marks, comment, question_id, created_at, updated_at) VALUES ('244164e4-84bf-44fe-9255-9b134fc661bf', 'Strongly disagree', NULL, '1', NULL, '245fc005-80bb-46f7-93cb-0f33d81d0fe9', '2025-07-11T08:45:45.192964+00:00', '2025-07-11T08:45:45.192964+00:00');
INSERT INTO answers (id, text, is_correct, marks, comment, question_id, created_at, updated_at) VALUES ('a3571448-0f8d-48d3-97a7-88149cecd856', 'Disagree', NULL, '2', NULL, '245fc005-80bb-46f7-93cb-0f33d81d0fe9', '2025-07-11T08:45:45.192964+00:00', '2025-07-11T08:45:45.192964+00:00');
INSERT INTO answers (id, text, is_correct, marks, comment, question_id, created_at, updated_at) VALUES ('5e744618-652a-46a5-8ab8-99c4ffd31a86', 'Neutral', NULL, '3', NULL, '245fc005-80bb-46f7-93cb-0f33d81d0fe9', '2025-07-11T08:45:45.192964+00:00', '2025-07-11T08:45:45.192964+00:00');
INSERT INTO answers (id, text, is_correct, marks, comment, question_id, created_at, updated_at) VALUES ('b58b8f8b-ce5d-42c6-8ce8-85b6a8660f2e', 'Agree', NULL, '4', NULL, '245fc005-80bb-46f7-93cb-0f33d81d0fe9', '2025-07-11T08:45:45.192964+00:00', '2025-07-11T08:45:45.192964+00:00');
INSERT INTO answers (id, text, is_correct, marks, comment, question_id, created_at, updated_at) VALUES ('f51341fb-e1c1-4a96-a9b5-3e12b8c94075', '5 - Strongly Agree', NULL, '5', NULL, '25ec1768-21ce-49cc-afef-5048ca8c81e7', '2025-07-11T05:54:55.881769+00:00', '2025-07-11T05:54:55.881769+00:00');
INSERT INTO answers (id, text, is_correct, marks, comment, question_id, created_at, updated_at) VALUES ('12ff1945-5cee-4c71-a5bf-93045df76f27', '3 - Neutral', NULL, '3', NULL, '25ec1768-21ce-49cc-afef-5048ca8c81e7', '2025-07-11T05:54:55.881769+00:00', '2025-07-11T05:54:55.881769+00:00');
INSERT INTO answers (id, text, is_correct, marks, comment, question_id, created_at, updated_at) VALUES ('794b1f8c-fdcb-4564-ba2f-af33092c3412', '2 - Disagree', NULL, '2', NULL, '25ec1768-21ce-49cc-afef-5048ca8c81e7', '2025-07-11T05:54:55.881769+00:00', '2025-07-11T05:54:55.881769+00:00');
INSERT INTO answers (id, text, is_correct, marks, comment, question_id, created_at, updated_at) VALUES ('a3342316-1d4a-40f7-88cc-2e6a54a96e88', '1 - Strongly Disagree', NULL, '1', NULL, '25ec1768-21ce-49cc-afef-5048ca8c81e7', '2025-07-11T05:54:55.881769+00:00', '2025-07-11T05:54:55.881769+00:00');
INSERT INTO answers (id, text, is_correct, marks, comment, question_id, created_at, updated_at) VALUES ('a24be079-090b-4e6b-b3ca-b25bf2eed3bd', '4 - Agree', NULL, '4', NULL, '25ec1768-21ce-49cc-afef-5048ca8c81e7', '2025-07-11T05:54:55.881769+00:00', '2025-07-11T05:54:55.881769+00:00');
INSERT INTO answers (id, text, is_correct, marks, comment, question_id, created_at, updated_at) VALUES ('e2e13c20-dee8-4f13-afc7-aac48eff91f3', 'Yes', NULL, '1', NULL, '26bc39a2-27c3-455f-819a-1bd7821e7fd5', '2025-07-11T06:07:16.718408+00:00', '2025-07-11T06:07:16.718408+00:00');
INSERT INTO answers (id, text, is_correct, marks, comment, question_id, created_at, updated_at) VALUES ('bb8f782d-6cc8-4d45-969c-b5183ad837cb', 'No', NULL, '0', NULL, '26bc39a2-27c3-455f-819a-1bd7821e7fd5', '2025-07-11T06:07:16.718408+00:00', '2025-07-11T06:07:16.718408+00:00');
INSERT INTO answers (id, text, is_correct, marks, comment, question_id, created_at, updated_at) VALUES ('94866536-3692-4025-9582-a4da5b96e50d', 'Monthly', NULL, '3', NULL, '2716c201-43b0-4d57-8d5d-5b4eeacb1cac', '2025-07-11T08:45:44.555916+00:00', '2025-07-11T08:45:44.555916+00:00');
INSERT INTO answers (id, text, is_correct, marks, comment, question_id, created_at, updated_at) VALUES ('1d9cd22a-44a2-4c99-82c3-d99ca13cc66a', 'Daily', NULL, '1', NULL, '2716c201-43b0-4d57-8d5d-5b4eeacb1cac', '2025-07-11T08:45:44.555916+00:00', '2025-07-11T08:45:44.555916+00:00');
INSERT INTO answers (id, text, is_correct, marks, comment, question_id, created_at, updated_at) VALUES ('c747ae55-f362-4463-a7e2-118f2bd1ab9c', 'Weekly', NULL, '2', NULL, '2716c201-43b0-4d57-8d5d-5b4eeacb1cac', '2025-07-11T08:45:44.555916+00:00', '2025-07-11T08:45:44.555916+00:00');
INSERT INTO answers (id, text, is_correct, marks, comment, question_id, created_at, updated_at) VALUES ('902aebeb-78ae-47f9-a6ad-06cb118911e3', 'Never', NULL, '5', NULL, '2716c201-43b0-4d57-8d5d-5b4eeacb1cac', '2025-07-11T08:45:44.555916+00:00', '2025-07-11T08:45:44.555916+00:00');
INSERT INTO answers (id, text, is_correct, marks, comment, question_id, created_at, updated_at) VALUES ('8cb8389d-8abd-4935-880c-51c105457439', 'Rarely', NULL, '4', NULL, '2716c201-43b0-4d57-8d5d-5b4eeacb1cac', '2025-07-11T08:45:44.555916+00:00', '2025-07-11T08:45:44.555916+00:00');
INSERT INTO answers (id, text, is_correct, marks, comment, question_id, created_at, updated_at) VALUES ('c06536c6-39b1-4ff7-a2ac-180065be74aa', 'Strongly disagree', NULL, '1', NULL, '29cb684d-1550-47af-bce7-cd5839268b0d', '2025-07-11T08:45:48.127444+00:00', '2025-07-11T08:45:48.127444+00:00');
INSERT INTO answers (id, text, is_correct, marks, comment, question_id, created_at, updated_at) VALUES ('fb2f8e86-3bfd-4cd7-b03c-7d41b0fc534f', 'Agree', NULL, '4', NULL, '29cb684d-1550-47af-bce7-cd5839268b0d', '2025-07-11T08:45:48.127444+00:00', '2025-07-11T08:45:48.127444+00:00');
INSERT INTO answers (id, text, is_correct, marks, comment, question_id, created_at, updated_at) VALUES ('67c1f116-dbd3-4d67-8d91-86f83fa03ac4', 'Strongly agree', NULL, '5', NULL, '29cb684d-1550-47af-bce7-cd5839268b0d', '2025-07-11T08:45:48.127444+00:00', '2025-07-11T08:45:48.127444+00:00');
INSERT INTO answers (id, text, is_correct, marks, comment, question_id, created_at, updated_at) VALUES ('f1a41e48-81af-4979-8ffd-eba86b41a866', 'Neutral', NULL, '3', NULL, '29cb684d-1550-47af-bce7-cd5839268b0d', '2025-07-11T08:45:48.127444+00:00', '2025-07-11T08:45:48.127444+00:00');
INSERT INTO answers (id, text, is_correct, marks, comment, question_id, created_at, updated_at) VALUES ('68017796-8211-47ba-8025-d622dd7ec6de', 'Disagree', NULL, '2', NULL, '29cb684d-1550-47af-bce7-cd5839268b0d', '2025-07-11T08:45:48.127444+00:00', '2025-07-11T08:45:48.127444+00:00');
INSERT INTO answers (id, text, is_correct, marks, comment, question_id, created_at, updated_at) VALUES ('9d60eafa-ca52-48af-a74b-720ec2facaea', '4 - Agree', NULL, '4', NULL, '2cb50438-9f37-423c-8491-d942b70ba607', '2025-07-11T05:54:56.852737+00:00', '2025-07-11T05:54:56.852737+00:00');
INSERT INTO answers (id, text, is_correct, marks, comment, question_id, created_at, updated_at) VALUES ('0c7e08f9-6297-4829-a189-8e2ac528bfd2', '1 - Strongly Disagree', NULL, '1', NULL, '2cb50438-9f37-423c-8491-d942b70ba607', '2025-07-11T05:54:56.852737+00:00', '2025-07-11T05:54:56.852737+00:00');
INSERT INTO answers (id, text, is_correct, marks, comment, question_id, created_at, updated_at) VALUES ('46613d00-4fb7-4930-ae17-c0780dbb5672', '2 - Disagree', NULL, '2', NULL, '2cb50438-9f37-423c-8491-d942b70ba607', '2025-07-11T05:54:56.852737+00:00', '2025-07-11T05:54:56.852737+00:00');
INSERT INTO answers (id, text, is_correct, marks, comment, question_id, created_at, updated_at) VALUES ('ed83d8ef-d7b3-4a46-8027-85616636c699', '3 - Neutral', NULL, '3', NULL, '2cb50438-9f37-423c-8491-d942b70ba607', '2025-07-11T05:54:56.852737+00:00', '2025-07-11T05:54:56.852737+00:00');
INSERT INTO answers (id, text, is_correct, marks, comment, question_id, created_at, updated_at) VALUES ('3c2cf11a-8630-434c-9bd7-f8e87ce2ec41', '5 - Strongly Agree', NULL, '5', NULL, '2cb50438-9f37-423c-8491-d942b70ba607', '2025-07-11T05:54:56.852737+00:00', '2025-07-11T05:54:56.852737+00:00');
INSERT INTO answers (id, text, is_correct, marks, comment, question_id, created_at, updated_at) VALUES ('35ead869-777f-4d92-9286-9a6ebd40a27d', 'Neutral', NULL, '3', NULL, '2d3c7602-703b-4362-9bdb-d549dccf68f6', '2025-07-11T08:45:50.490218+00:00', '2025-07-11T08:45:50.490218+00:00');
INSERT INTO answers (id, text, is_correct, marks, comment, question_id, created_at, updated_at) VALUES ('afb992a8-f4d0-4a34-a191-50eb93c788e1', 'Strongly agree', NULL, '5', NULL, '2d3c7602-703b-4362-9bdb-d549dccf68f6', '2025-07-11T08:45:50.490218+00:00', '2025-07-11T08:45:50.490218+00:00');
INSERT INTO answers (id, text, is_correct, marks, comment, question_id, created_at, updated_at) VALUES ('72037723-22c1-4456-ae06-effddb6d2bd8', 'Agree', NULL, '4', NULL, '2d3c7602-703b-4362-9bdb-d549dccf68f6', '2025-07-11T08:45:50.490218+00:00', '2025-07-11T08:45:50.490218+00:00');
INSERT INTO answers (id, text, is_correct, marks, comment, question_id, created_at, updated_at) VALUES ('e18def6d-0aa1-4ef4-abff-f9e9ae61d248', 'Strongly disagree', NULL, '1', NULL, '2d3c7602-703b-4362-9bdb-d549dccf68f6', '2025-07-11T08:45:50.490218+00:00', '2025-07-11T08:45:50.490218+00:00');
INSERT INTO answers (id, text, is_correct, marks, comment, question_id, created_at, updated_at) VALUES ('d3df8294-f08b-49c9-b138-b61376f1da5c', 'Disagree', NULL, '2', NULL, '2d3c7602-703b-4362-9bdb-d549dccf68f6', '2025-07-11T08:45:50.490218+00:00', '2025-07-11T08:45:50.490218+00:00');
INSERT INTO answers (id, text, is_correct, marks, comment, question_id, created_at, updated_at) VALUES ('231ed5a4-2551-4058-b659-db0fedcde2c7', '2 - Disagree', NULL, '2', NULL, '2d7976ea-35b8-4a62-8c3f-73112428c76d', '2025-07-11T05:54:47.147787+00:00', '2025-07-11T05:54:47.147787+00:00');
INSERT INTO answers (id, text, is_correct, marks, comment, question_id, created_at, updated_at) VALUES ('46c3b128-c37f-46d5-9ce8-492b1db1e59f', '5 - Strongly Agree', NULL, '5', NULL, '2d7976ea-35b8-4a62-8c3f-73112428c76d', '2025-07-11T05:54:47.147787+00:00', '2025-07-11T05:54:47.147787+00:00');
INSERT INTO answers (id, text, is_correct, marks, comment, question_id, created_at, updated_at) VALUES ('b8d05f7a-56e6-4fe6-9061-2db8bda50995', '4 - Agree', NULL, '4', NULL, '2d7976ea-35b8-4a62-8c3f-73112428c76d', '2025-07-11T05:54:47.147787+00:00', '2025-07-11T05:54:47.147787+00:00');
INSERT INTO answers (id, text, is_correct, marks, comment, question_id, created_at, updated_at) VALUES ('64c7b45a-c821-419a-8b7f-62e54f0d5b88', '3 - Neutral', NULL, '3', NULL, '2d7976ea-35b8-4a62-8c3f-73112428c76d', '2025-07-11T05:54:47.147787+00:00', '2025-07-11T05:54:47.147787+00:00');
INSERT INTO answers (id, text, is_correct, marks, comment, question_id, created_at, updated_at) VALUES ('95d8f39e-2c89-4c66-91c8-768ce082ac89', '1 - Strongly Disagree', NULL, '1', NULL, '2d7976ea-35b8-4a62-8c3f-73112428c76d', '2025-07-11T05:54:47.147787+00:00', '2025-07-11T05:54:47.147787+00:00');
INSERT INTO answers (id, text, is_correct, marks, comment, question_id, created_at, updated_at) VALUES ('b2f47629-9451-4dd9-8b89-fc77886b0270', 'Agree', NULL, '4', NULL, '2e168b81-11c1-4658-ba7b-0a8416eaa622', '2025-07-11T08:45:46.675807+00:00', '2025-07-11T08:45:46.675807+00:00');
INSERT INTO answers (id, text, is_correct, marks, comment, question_id, created_at, updated_at) VALUES ('0aff91a4-a4f9-4b7b-8e0b-5cba6c8ed813', 'Strongly agree', NULL, '5', NULL, '2e168b81-11c1-4658-ba7b-0a8416eaa622', '2025-07-11T08:45:46.675807+00:00', '2025-07-11T08:45:46.675807+00:00');
INSERT INTO answers (id, text, is_correct, marks, comment, question_id, created_at, updated_at) VALUES ('5eb0c24d-bfc7-4465-ad76-59a2c7e01d53', 'Disagree', NULL, '2', NULL, '2e168b81-11c1-4658-ba7b-0a8416eaa622', '2025-07-11T08:45:46.675807+00:00', '2025-07-11T08:45:46.675807+00:00');
INSERT INTO answers (id, text, is_correct, marks, comment, question_id, created_at, updated_at) VALUES ('be82eae8-921f-43d9-bbcb-c64e9cc6a592', 'Strongly disagree', NULL, '1', NULL, '2e168b81-11c1-4658-ba7b-0a8416eaa622', '2025-07-11T08:45:46.675807+00:00', '2025-07-11T08:45:46.675807+00:00');
INSERT INTO answers (id, text, is_correct, marks, comment, question_id, created_at, updated_at) VALUES ('0c4b4fbd-8399-4fe1-aeec-f4608b8dcfda', 'Neutral', NULL, '3', NULL, '2e168b81-11c1-4658-ba7b-0a8416eaa622', '2025-07-11T08:45:46.675807+00:00', '2025-07-11T08:45:46.675807+00:00');
INSERT INTO answers (id, text, is_correct, marks, comment, question_id, created_at, updated_at) VALUES ('9a823a61-bd8a-4809-bcd8-1e7ba51a93a0', '2 - Disagree', NULL, '2', NULL, '38eea4b5-b3e1-466a-b961-4bec3f1537e0', '2025-07-11T05:54:58.484977+00:00', '2025-07-11T05:54:58.484977+00:00');
INSERT INTO answers (id, text, is_correct, marks, comment, question_id, created_at, updated_at) VALUES ('c4c49b53-6488-4ac1-983f-bad16153243f', '5 - Strongly Agree', NULL, '5', NULL, '38eea4b5-b3e1-466a-b961-4bec3f1537e0', '2025-07-11T05:54:58.484977+00:00', '2025-07-11T05:54:58.484977+00:00');
INSERT INTO answers (id, text, is_correct, marks, comment, question_id, created_at, updated_at) VALUES ('cec88207-ac87-47bd-9bda-c2a875452345', '4 - Agree', NULL, '4', NULL, '38eea4b5-b3e1-466a-b961-4bec3f1537e0', '2025-07-11T05:54:58.484977+00:00', '2025-07-11T05:54:58.484977+00:00');
INSERT INTO answers (id, text, is_correct, marks, comment, question_id, created_at, updated_at) VALUES ('bfd17531-7806-487b-9ca7-e1dfb708a92b', '1 - Strongly Disagree', NULL, '1', NULL, '38eea4b5-b3e1-466a-b961-4bec3f1537e0', '2025-07-11T05:54:58.484977+00:00', '2025-07-11T05:54:58.484977+00:00');
INSERT INTO answers (id, text, is_correct, marks, comment, question_id, created_at, updated_at) VALUES ('5626300e-b202-4cc3-978f-915d0209fb6e', '3 - Neutral', NULL, '3', NULL, '38eea4b5-b3e1-466a-b961-4bec3f1537e0', '2025-07-11T05:54:58.484977+00:00', '2025-07-11T05:54:58.484977+00:00');
INSERT INTO answers (id, text, is_correct, marks, comment, question_id, created_at, updated_at) VALUES ('67ddec87-4fc0-4cc2-a364-9c969f5d4ee4', '1 - Strongly Disagree', NULL, '1', NULL, '38fa8e5b-e8d5-49a5-891d-fade278d2006', '2025-07-11T05:54:52.103578+00:00', '2025-07-11T05:54:52.103578+00:00');
INSERT INTO answers (id, text, is_correct, marks, comment, question_id, created_at, updated_at) VALUES ('879b7f57-42cc-48f3-8d3d-2b9aa64e2e93', '4 - Agree', NULL, '4', NULL, '38fa8e5b-e8d5-49a5-891d-fade278d2006', '2025-07-11T05:54:52.103578+00:00', '2025-07-11T05:54:52.103578+00:00');
INSERT INTO answers (id, text, is_correct, marks, comment, question_id, created_at, updated_at) VALUES ('91d311d1-96ff-4614-9fbf-55d0fdbcd22f', '2 - Disagree', NULL, '2', NULL, '38fa8e5b-e8d5-49a5-891d-fade278d2006', '2025-07-11T05:54:52.103578+00:00', '2025-07-11T05:54:52.103578+00:00');
INSERT INTO answers (id, text, is_correct, marks, comment, question_id, created_at, updated_at) VALUES ('87d0041e-9242-4846-be1b-5ec1acb5dd26', '3 - Neutral', NULL, '3', NULL, '38fa8e5b-e8d5-49a5-891d-fade278d2006', '2025-07-11T05:54:52.103578+00:00', '2025-07-11T05:54:52.103578+00:00');
INSERT INTO answers (id, text, is_correct, marks, comment, question_id, created_at, updated_at) VALUES ('c02f8070-d3ac-49bb-bb46-20eb47f24a99', '5 - Strongly Agree', NULL, '5', NULL, '38fa8e5b-e8d5-49a5-891d-fade278d2006', '2025-07-11T05:54:52.103578+00:00', '2025-07-11T05:54:52.103578+00:00');
INSERT INTO answers (id, text, is_correct, marks, comment, question_id, created_at, updated_at) VALUES ('8e213cd5-efe1-42a4-8f0d-f070003ccabd', 'No', NULL, '0', NULL, '3a830643-555e-4c73-b37c-0dead17a9be5', '2025-07-11T06:07:14.01865+00:00', '2025-07-11T06:07:14.01865+00:00');
INSERT INTO answers (id, text, is_correct, marks, comment, question_id, created_at, updated_at) VALUES ('ce6ff2ad-434e-440e-8285-8c985d9e66ad', 'Yes', NULL, '1', NULL, '3a830643-555e-4c73-b37c-0dead17a9be5', '2025-07-11T06:07:14.01865+00:00', '2025-07-11T06:07:14.01865+00:00');
INSERT INTO answers (id, text, is_correct, marks, comment, question_id, created_at, updated_at) VALUES ('ce981268-9021-463e-b3ee-a99826ef108a', '4 - Agree', NULL, '4', NULL, '45b9541c-3f34-41fb-a9da-b9d4d27c2980', '2025-07-11T05:54:48.521972+00:00', '2025-07-11T05:54:48.521972+00:00');
INSERT INTO answers (id, text, is_correct, marks, comment, question_id, created_at, updated_at) VALUES ('3059f3e2-aa50-40fd-b680-fe8c5728c2d0', '5 - Strongly Agree', NULL, '5', NULL, '45b9541c-3f34-41fb-a9da-b9d4d27c2980', '2025-07-11T05:54:48.521972+00:00', '2025-07-11T05:54:48.521972+00:00');
INSERT INTO answers (id, text, is_correct, marks, comment, question_id, created_at, updated_at) VALUES ('0ffc66d7-bd4e-4672-8e38-4a4011b0945d', '3 - Neutral', NULL, '3', NULL, '45b9541c-3f34-41fb-a9da-b9d4d27c2980', '2025-07-11T05:54:48.521972+00:00', '2025-07-11T05:54:48.521972+00:00');
INSERT INTO answers (id, text, is_correct, marks, comment, question_id, created_at, updated_at) VALUES ('34e1a0d5-fc23-48ea-a621-63f87a4244a7', '2 - Disagree', NULL, '2', NULL, '45b9541c-3f34-41fb-a9da-b9d4d27c2980', '2025-07-11T05:54:48.521972+00:00', '2025-07-11T05:54:48.521972+00:00');
INSERT INTO answers (id, text, is_correct, marks, comment, question_id, created_at, updated_at) VALUES ('38819cf1-e55f-41d1-b07f-085789820945', '1 - Strongly Disagree', NULL, '1', NULL, '45b9541c-3f34-41fb-a9da-b9d4d27c2980', '2025-07-11T05:54:48.521972+00:00', '2025-07-11T05:54:48.521972+00:00');
INSERT INTO answers (id, text, is_correct, marks, comment, question_id, created_at, updated_at) VALUES ('3cd45cb9-1548-4bf3-ab2e-06d75cbf1c7f', '2 - Disagree', NULL, '2', NULL, '478eb50f-a9a2-4e04-b6ec-2b06cd4cf612', '2025-07-11T05:54:50.898052+00:00', '2025-07-11T05:54:50.898052+00:00');
INSERT INTO answers (id, text, is_correct, marks, comment, question_id, created_at, updated_at) VALUES ('0e07b2d7-5195-4003-a4af-c971c0ccb3ef', '1 - Strongly Disagree', NULL, '1', NULL, '478eb50f-a9a2-4e04-b6ec-2b06cd4cf612', '2025-07-11T05:54:50.898052+00:00', '2025-07-11T05:54:50.898052+00:00');
INSERT INTO answers (id, text, is_correct, marks, comment, question_id, created_at, updated_at) VALUES ('7f7a5711-1b9d-46dd-a00f-c2b96dd41a5f', '5 - Strongly Agree', NULL, '5', NULL, '478eb50f-a9a2-4e04-b6ec-2b06cd4cf612', '2025-07-11T05:54:50.898052+00:00', '2025-07-11T05:54:50.898052+00:00');
INSERT INTO answers (id, text, is_correct, marks, comment, question_id, created_at, updated_at) VALUES ('875e60ea-9790-48ed-8940-72e827a3791b', '4 - Agree', NULL, '4', NULL, '478eb50f-a9a2-4e04-b6ec-2b06cd4cf612', '2025-07-11T05:54:50.898052+00:00', '2025-07-11T05:54:50.898052+00:00');
INSERT INTO answers (id, text, is_correct, marks, comment, question_id, created_at, updated_at) VALUES ('55fa0b6b-9e54-42c1-92fc-d69aa0332faa', '3 - Neutral', NULL, '3', NULL, '478eb50f-a9a2-4e04-b6ec-2b06cd4cf612', '2025-07-11T05:54:50.898052+00:00', '2025-07-11T05:54:50.898052+00:00');
INSERT INTO answers (id, text, is_correct, marks, comment, question_id, created_at, updated_at) VALUES ('89712f6a-aaac-4e1a-a7a1-a86c008816eb', 'No', NULL, '0', NULL, '4a9e2310-fcd0-4182-855d-1871c9b465c9', '2025-07-11T06:07:16.284888+00:00', '2025-07-11T06:07:16.284888+00:00');
INSERT INTO answers (id, text, is_correct, marks, comment, question_id, created_at, updated_at) VALUES ('79dbcb7e-6ce8-4cef-8ab9-3ba564b4c097', 'Yes', NULL, '1', NULL, '4a9e2310-fcd0-4182-855d-1871c9b465c9', '2025-07-11T06:07:16.284888+00:00', '2025-07-11T06:07:16.284888+00:00');
INSERT INTO answers (id, text, is_correct, marks, comment, question_id, created_at, updated_at) VALUES ('bcb47a8f-0197-455f-be91-c6cbbe5a0b6e', 'No', NULL, '0', NULL, '4e73b552-5134-42f0-85ad-35bb82662c45', '2025-07-11T06:07:15.09919+00:00', '2025-07-11T06:07:15.09919+00:00');
INSERT INTO answers (id, text, is_correct, marks, comment, question_id, created_at, updated_at) VALUES ('e9994ae8-1407-463d-a6e0-7d42a6d7b586', 'Yes', NULL, '1', NULL, '4e73b552-5134-42f0-85ad-35bb82662c45', '2025-07-11T06:07:15.09919+00:00', '2025-07-11T06:07:15.09919+00:00');
INSERT INTO answers (id, text, is_correct, marks, comment, question_id, created_at, updated_at) VALUES ('3196acf2-fc08-45a0-89ba-323e92b97d10', '3 - Neutral', NULL, '3', NULL, '4fc3d360-dc40-446a-8e84-86a305fc0072', '2025-07-11T05:54:52.885028+00:00', '2025-07-11T05:54:52.885028+00:00');
INSERT INTO answers (id, text, is_correct, marks, comment, question_id, created_at, updated_at) VALUES ('ff4db099-f9ed-4a05-9e7b-061a607605e8', '1 - Strongly Disagree', NULL, '1', NULL, '4fc3d360-dc40-446a-8e84-86a305fc0072', '2025-07-11T05:54:52.885028+00:00', '2025-07-11T05:54:52.885028+00:00');
INSERT INTO answers (id, text, is_correct, marks, comment, question_id, created_at, updated_at) VALUES ('1d9c59b0-07c4-4fda-a68c-7e6d1f25e839', '2 - Disagree', NULL, '2', NULL, '4fc3d360-dc40-446a-8e84-86a305fc0072', '2025-07-11T05:54:52.885028+00:00', '2025-07-11T05:54:52.885028+00:00');
INSERT INTO answers (id, text, is_correct, marks, comment, question_id, created_at, updated_at) VALUES ('cac7451d-a91c-4c95-8b30-be76daeeb8ac', '5 - Strongly Agree', NULL, '5', NULL, '4fc3d360-dc40-446a-8e84-86a305fc0072', '2025-07-11T05:54:52.885028+00:00', '2025-07-11T05:54:52.885028+00:00');
INSERT INTO answers (id, text, is_correct, marks, comment, question_id, created_at, updated_at) VALUES ('4c8d8d15-5b77-445f-8d3d-e1f34d46fc95', '4 - Agree', NULL, '4', NULL, '4fc3d360-dc40-446a-8e84-86a305fc0072', '2025-07-11T05:54:52.885028+00:00', '2025-07-11T05:54:52.885028+00:00');
INSERT INTO answers (id, text, is_correct, marks, comment, question_id, created_at, updated_at) VALUES ('43a8c1f5-7e1c-4e0b-a133-96a9e9a268e6', 'Yes', NULL, '1', NULL, '4fe3fd0e-2201-49e5-9d6c-c6777bf0736f', '2025-07-11T06:07:13.766404+00:00', '2025-07-11T06:07:13.766404+00:00');
INSERT INTO answers (id, text, is_correct, marks, comment, question_id, created_at, updated_at) VALUES ('f1b7d5b2-7c41-41fa-8042-e3b6cf3e6dec', 'No', NULL, '0', NULL, '4fe3fd0e-2201-49e5-9d6c-c6777bf0736f', '2025-07-11T06:07:13.766404+00:00', '2025-07-11T06:07:13.766404+00:00');
INSERT INTO answers (id, text, is_correct, marks, comment, question_id, created_at, updated_at) VALUES ('97f35b44-6e2c-49a6-81b3-39890b0c8ff2', 'No', NULL, '0', NULL, '5055e4c8-f373-4d7a-8349-aa1b37e32ef8', '2025-07-11T06:07:08.243578+00:00', '2025-07-11T06:07:08.243578+00:00');
INSERT INTO answers (id, text, is_correct, marks, comment, question_id, created_at, updated_at) VALUES ('75536787-55b9-49d8-a3b4-bb6fa7ac288f', 'Yes', NULL, '1', NULL, '5055e4c8-f373-4d7a-8349-aa1b37e32ef8', '2025-07-11T06:07:08.243578+00:00', '2025-07-11T06:07:08.243578+00:00');
INSERT INTO answers (id, text, is_correct, marks, comment, question_id, created_at, updated_at) VALUES ('4ccf951c-a55e-4644-832b-a1c218cf7c62', 'Yes', NULL, '1', NULL, '519a2e9f-9537-475c-baa3-2c45ec585925', '2025-07-11T06:07:12.205194+00:00', '2025-07-11T06:07:12.205194+00:00');
INSERT INTO answers (id, text, is_correct, marks, comment, question_id, created_at, updated_at) VALUES ('2aafac35-63ef-46b0-b02c-7fff2972dfeb', 'No', NULL, '0', NULL, '519a2e9f-9537-475c-baa3-2c45ec585925', '2025-07-11T06:07:12.205194+00:00', '2025-07-11T06:07:12.205194+00:00');
INSERT INTO answers (id, text, is_correct, marks, comment, question_id, created_at, updated_at) VALUES ('69749613-1313-48a6-aba8-6ff16900f6b0', 'Both scheduled and automated', NULL, '4', NULL, '5288b3a0-c702-45e6-b453-9b05578d3d27', '2025-07-11T08:45:44.353067+00:00', '2025-07-11T08:45:44.353067+00:00');
INSERT INTO answers (id, text, is_correct, marks, comment, question_id, created_at, updated_at) VALUES ('bc525cac-207f-4a69-a163-88eabf999103', 'Manual only', NULL, '1', NULL, '5288b3a0-c702-45e6-b453-9b05578d3d27', '2025-07-11T08:45:44.353067+00:00', '2025-07-11T08:45:44.353067+00:00');
INSERT INTO answers (id, text, is_correct, marks, comment, question_id, created_at, updated_at) VALUES ('98545996-f3fa-47f4-aaea-8b847bff0945', 'Scheduled', NULL, '2', NULL, '5288b3a0-c702-45e6-b453-9b05578d3d27', '2025-07-11T08:45:44.353067+00:00', '2025-07-11T08:45:44.353067+00:00');
INSERT INTO answers (id, text, is_correct, marks, comment, question_id, created_at, updated_at) VALUES ('0f348406-c273-405d-ab18-80facf4aa9e2', 'Automated', NULL, '3', NULL, '5288b3a0-c702-45e6-b453-9b05578d3d27', '2025-07-11T08:45:44.353067+00:00', '2025-07-11T08:45:44.353067+00:00');
INSERT INTO answers (id, text, is_correct, marks, comment, question_id, created_at, updated_at) VALUES ('1af045b9-d5b3-4356-94dc-bad8b672a6a4', 'Dynamic/autoscaling with monitoring', NULL, '5', NULL, '5288b3a0-c702-45e6-b453-9b05578d3d27', '2025-07-11T08:45:44.353067+00:00', '2025-07-11T08:45:44.353067+00:00');
INSERT INTO answers (id, text, is_correct, marks, comment, question_id, created_at, updated_at) VALUES ('8db46be6-b5c0-4ed5-9b61-834231ecac50', '5 - Strongly Agree', NULL, '5', NULL, '52c2a1ec-25ee-42b5-babd-b59787098df0', '2025-07-11T05:54:54.276633+00:00', '2025-07-11T05:54:54.276633+00:00');
INSERT INTO answers (id, text, is_correct, marks, comment, question_id, created_at, updated_at) VALUES ('08bc676d-74c5-4995-8303-c84bf6b844f9', '1 - Strongly Disagree', NULL, '1', NULL, '52c2a1ec-25ee-42b5-babd-b59787098df0', '2025-07-11T05:54:54.276633+00:00', '2025-07-11T05:54:54.276633+00:00');
INSERT INTO answers (id, text, is_correct, marks, comment, question_id, created_at, updated_at) VALUES ('d0e2a800-616e-4549-b7d7-7c0d235291b5', '2 - Disagree', NULL, '2', NULL, '52c2a1ec-25ee-42b5-babd-b59787098df0', '2025-07-11T05:54:54.276633+00:00', '2025-07-11T05:54:54.276633+00:00');
INSERT INTO answers (id, text, is_correct, marks, comment, question_id, created_at, updated_at) VALUES ('9821336e-e2df-47ee-9162-f9184422b4bc', '3 - Neutral', NULL, '3', NULL, '52c2a1ec-25ee-42b5-babd-b59787098df0', '2025-07-11T05:54:54.276633+00:00', '2025-07-11T05:54:54.276633+00:00');
INSERT INTO answers (id, text, is_correct, marks, comment, question_id, created_at, updated_at) VALUES ('bd559073-5f3c-4e9c-b899-840633241597', '4 - Agree', NULL, '4', NULL, '52c2a1ec-25ee-42b5-babd-b59787098df0', '2025-07-11T05:54:54.276633+00:00', '2025-07-11T05:54:54.276633+00:00');
INSERT INTO answers (id, text, is_correct, marks, comment, question_id, created_at, updated_at) VALUES ('5703c5a1-9828-4e7f-9b8d-aac1dc40d523', 'Agree', NULL, '4', NULL, '5567dcfd-811c-422c-9988-08b6593597bf', '2025-07-11T08:45:46.288936+00:00', '2025-07-11T08:45:46.288936+00:00');
INSERT INTO answers (id, text, is_correct, marks, comment, question_id, created_at, updated_at) VALUES ('8b22ad22-b7d5-4d7f-bfb1-92a179e59b92', 'Strongly agree', NULL, '5', NULL, '5567dcfd-811c-422c-9988-08b6593597bf', '2025-07-11T08:45:46.288936+00:00', '2025-07-11T08:45:46.288936+00:00');
INSERT INTO answers (id, text, is_correct, marks, comment, question_id, created_at, updated_at) VALUES ('881c56a3-35a9-4e6c-b06e-b7bdcf97ed13', 'Strongly disagree', NULL, '1', NULL, '5567dcfd-811c-422c-9988-08b6593597bf', '2025-07-11T08:45:46.288936+00:00', '2025-07-11T08:45:46.288936+00:00');
INSERT INTO answers (id, text, is_correct, marks, comment, question_id, created_at, updated_at) VALUES ('ed48a62c-5ae1-4ea0-86e9-ac7db5ce5df7', 'Disagree', NULL, '2', NULL, '5567dcfd-811c-422c-9988-08b6593597bf', '2025-07-11T08:45:46.288936+00:00', '2025-07-11T08:45:46.288936+00:00');
INSERT INTO answers (id, text, is_correct, marks, comment, question_id, created_at, updated_at) VALUES ('fbb3f9c3-8d88-4845-9423-4032f72082d5', 'Neutral', NULL, '3', NULL, '5567dcfd-811c-422c-9988-08b6593597bf', '2025-07-11T08:45:46.288936+00:00', '2025-07-11T08:45:46.288936+00:00');
INSERT INTO answers (id, text, is_correct, marks, comment, question_id, created_at, updated_at) VALUES ('38b5ac82-bb3e-46ef-98d2-4602513d783a', '3 - Neutral', NULL, '3', NULL, '55e307d8-0eaa-4081-a368-6801df8fba6c', '2025-07-11T05:54:58.256648+00:00', '2025-07-11T05:54:58.256648+00:00');
INSERT INTO answers (id, text, is_correct, marks, comment, question_id, created_at, updated_at) VALUES ('88905434-a8f8-46e2-a098-540a68ecea4e', '2 - Disagree', NULL, '2', NULL, '55e307d8-0eaa-4081-a368-6801df8fba6c', '2025-07-11T05:54:58.256648+00:00', '2025-07-11T05:54:58.256648+00:00');
INSERT INTO answers (id, text, is_correct, marks, comment, question_id, created_at, updated_at) VALUES ('c6bde63e-2e59-47f7-b3d8-8ba3ccf96d93', '5 - Strongly Agree', NULL, '5', NULL, '55e307d8-0eaa-4081-a368-6801df8fba6c', '2025-07-11T05:54:58.256648+00:00', '2025-07-11T05:54:58.256648+00:00');
INSERT INTO answers (id, text, is_correct, marks, comment, question_id, created_at, updated_at) VALUES ('a8a335f8-8d89-4323-a3a9-2e66090110e6', '4 - Agree', NULL, '4', NULL, '55e307d8-0eaa-4081-a368-6801df8fba6c', '2025-07-11T05:54:58.256648+00:00', '2025-07-11T05:54:58.256648+00:00');
INSERT INTO answers (id, text, is_correct, marks, comment, question_id, created_at, updated_at) VALUES ('d0686305-05a3-405f-bcc6-879d1d3b4b27', '1 - Strongly Disagree', NULL, '1', NULL, '55e307d8-0eaa-4081-a368-6801df8fba6c', '2025-07-11T05:54:58.256648+00:00', '2025-07-11T05:54:58.256648+00:00');
INSERT INTO answers (id, text, is_correct, marks, comment, question_id, created_at, updated_at) VALUES ('bfb619a9-3eb2-4e12-9e53-5d14d5be9823', 'Agree', NULL, '4', NULL, '577794cd-dd3c-4d4e-a8df-377c49f38b9b', '2025-07-11T08:45:49.251242+00:00', '2025-07-11T08:45:49.251242+00:00');
INSERT INTO answers (id, text, is_correct, marks, comment, question_id, created_at, updated_at) VALUES ('bb23f021-6694-4511-8080-4109dd7a60f2', 'Disagree', NULL, '2', NULL, '577794cd-dd3c-4d4e-a8df-377c49f38b9b', '2025-07-11T08:45:49.251242+00:00', '2025-07-11T08:45:49.251242+00:00');
INSERT INTO answers (id, text, is_correct, marks, comment, question_id, created_at, updated_at) VALUES ('f198859c-481d-4ab1-b694-0239a1bd3746', 'Strongly disagree', NULL, '1', NULL, '577794cd-dd3c-4d4e-a8df-377c49f38b9b', '2025-07-11T08:45:49.251242+00:00', '2025-07-11T08:45:49.251242+00:00');
INSERT INTO answers (id, text, is_correct, marks, comment, question_id, created_at, updated_at) VALUES ('19d770b2-e145-4f79-8c1f-88d9c5936e27', 'Strongly agree', NULL, '5', NULL, '577794cd-dd3c-4d4e-a8df-377c49f38b9b', '2025-07-11T08:45:49.251242+00:00', '2025-07-11T08:45:49.251242+00:00');
INSERT INTO answers (id, text, is_correct, marks, comment, question_id, created_at, updated_at) VALUES ('504a24df-62cb-4737-abd6-326e77932c20', 'Neutral', NULL, '3', NULL, '577794cd-dd3c-4d4e-a8df-377c49f38b9b', '2025-07-11T08:45:49.251242+00:00', '2025-07-11T08:45:49.251242+00:00');
INSERT INTO answers (id, text, is_correct, marks, comment, question_id, created_at, updated_at) VALUES ('560c288d-310f-460d-b948-01b926f95a47', 'Multi-cloud', NULL, '5', NULL, '59d59d6a-617d-40db-bc2a-9b6b212f3475', '2025-07-11T08:45:42.911778+00:00', '2025-07-11T08:45:42.911778+00:00');
INSERT INTO answers (id, text, is_correct, marks, comment, question_id, created_at, updated_at) VALUES ('41f9405d-cbc0-4c61-9681-68c8ffdde89d', 'Private cloud', NULL, '2', NULL, '59d59d6a-617d-40db-bc2a-9b6b212f3475', '2025-07-11T08:45:42.911778+00:00', '2025-07-11T08:45:42.911778+00:00');
INSERT INTO answers (id, text, is_correct, marks, comment, question_id, created_at, updated_at) VALUES ('24b6c565-dcf1-4a42-a784-1273da34fde5', 'Public cloud', NULL, '3', NULL, '59d59d6a-617d-40db-bc2a-9b6b212f3475', '2025-07-11T08:45:42.911778+00:00', '2025-07-11T08:45:42.911778+00:00');
INSERT INTO answers (id, text, is_correct, marks, comment, question_id, created_at, updated_at) VALUES ('02f07ce3-cb48-4fbc-88d6-7e2036a3d65c', 'Hybrid', NULL, '4', NULL, '59d59d6a-617d-40db-bc2a-9b6b212f3475', '2025-07-11T08:45:42.911778+00:00', '2025-07-11T08:45:42.911778+00:00');
INSERT INTO answers (id, text, is_correct, marks, comment, question_id, created_at, updated_at) VALUES ('b5ee8d96-6206-43e5-809f-d067d4d422a9', 'On-premises only', NULL, '1', NULL, '59d59d6a-617d-40db-bc2a-9b6b212f3475', '2025-07-11T08:45:42.911778+00:00', '2025-07-11T08:45:42.911778+00:00');
INSERT INTO answers (id, text, is_correct, marks, comment, question_id, created_at, updated_at) VALUES ('c80f2b70-e630-4989-9a25-463bb404e1fa', 'No', NULL, '0', NULL, '5b5cb4d1-7595-4a06-887f-4fbbe1025ece', '2025-07-11T06:07:11.135814+00:00', '2025-07-11T06:07:11.135814+00:00');
INSERT INTO answers (id, text, is_correct, marks, comment, question_id, created_at, updated_at) VALUES ('3d4776ac-f4f7-4ee6-8235-6fd31425ef70', 'Yes', NULL, '1', NULL, '5b5cb4d1-7595-4a06-887f-4fbbe1025ece', '2025-07-11T06:07:11.135814+00:00', '2025-07-11T06:07:11.135814+00:00');
INSERT INTO answers (id, text, is_correct, marks, comment, question_id, created_at, updated_at) VALUES ('25701018-61c3-4a0b-b1d6-1421c8530de6', 'Strongly agree', NULL, '5', NULL, '5c1ade77-fb79-4002-87a7-14f00d2af817', '2025-07-11T08:45:51.330253+00:00', '2025-07-11T08:45:51.330253+00:00');
INSERT INTO answers (id, text, is_correct, marks, comment, question_id, created_at, updated_at) VALUES ('d2d413d5-0386-4d22-a45b-701ae3777865', 'Strongly disagree', NULL, '1', NULL, '5c1ade77-fb79-4002-87a7-14f00d2af817', '2025-07-11T08:45:51.330253+00:00', '2025-07-11T08:45:51.330253+00:00');
INSERT INTO answers (id, text, is_correct, marks, comment, question_id, created_at, updated_at) VALUES ('36e9c81d-5aa1-4343-92f0-09e80b3da489', 'Disagree', NULL, '2', NULL, '5c1ade77-fb79-4002-87a7-14f00d2af817', '2025-07-11T08:45:51.330253+00:00', '2025-07-11T08:45:51.330253+00:00');
INSERT INTO answers (id, text, is_correct, marks, comment, question_id, created_at, updated_at) VALUES ('07ffb4f8-5534-493c-ac80-5a1668d7c60f', 'Neutral', NULL, '3', NULL, '5c1ade77-fb79-4002-87a7-14f00d2af817', '2025-07-11T08:45:51.330253+00:00', '2025-07-11T08:45:51.330253+00:00');
INSERT INTO answers (id, text, is_correct, marks, comment, question_id, created_at, updated_at) VALUES ('2bc813f4-c3ae-4543-80a9-76363ee1c240', 'Agree', NULL, '4', NULL, '5c1ade77-fb79-4002-87a7-14f00d2af817', '2025-07-11T08:45:51.330253+00:00', '2025-07-11T08:45:51.330253+00:00');
INSERT INTO answers (id, text, is_correct, marks, comment, question_id, created_at, updated_at) VALUES ('1e60276a-3236-4021-8a6c-38473648509c', 'Agree', NULL, '4', NULL, '5c26106f-7a96-4059-bfdb-78434b489cea', '2025-07-11T08:45:49.025977+00:00', '2025-07-11T08:45:49.025977+00:00');
INSERT INTO answers (id, text, is_correct, marks, comment, question_id, created_at, updated_at) VALUES ('ee256ca9-19b4-41bc-af9c-3f7fd6190546', 'Strongly agree', NULL, '5', NULL, '5c26106f-7a96-4059-bfdb-78434b489cea', '2025-07-11T08:45:49.025977+00:00', '2025-07-11T08:45:49.025977+00:00');
INSERT INTO answers (id, text, is_correct, marks, comment, question_id, created_at, updated_at) VALUES ('2b296c46-be4a-4893-9cf4-174c5cf85f9c', 'Strongly disagree', NULL, '1', NULL, '5c26106f-7a96-4059-bfdb-78434b489cea', '2025-07-11T08:45:49.025977+00:00', '2025-07-11T08:45:49.025977+00:00');
INSERT INTO answers (id, text, is_correct, marks, comment, question_id, created_at, updated_at) VALUES ('ce4d886d-1e64-416e-9f42-3dedc2049efb', 'Disagree', NULL, '2', NULL, '5c26106f-7a96-4059-bfdb-78434b489cea', '2025-07-11T08:45:49.025977+00:00', '2025-07-11T08:45:49.025977+00:00');
INSERT INTO answers (id, text, is_correct, marks, comment, question_id, created_at, updated_at) VALUES ('8f6124d7-661a-4362-9cee-b09b62d523d3', 'Neutral', NULL, '3', NULL, '5c26106f-7a96-4059-bfdb-78434b489cea', '2025-07-11T08:45:49.025977+00:00', '2025-07-11T08:45:49.025977+00:00');
INSERT INTO answers (id, text, is_correct, marks, comment, question_id, created_at, updated_at) VALUES ('137a9c4a-cdf5-4f54-9488-c1616568ed2a', '2 - Disagree', NULL, '2', NULL, '5ce995bc-6e44-44ef-95f9-c6c6db6ff0b7', '2025-07-11T05:54:54.045421+00:00', '2025-07-11T05:54:54.045421+00:00');
INSERT INTO answers (id, text, is_correct, marks, comment, question_id, created_at, updated_at) VALUES ('34635e8d-fcb9-446a-8284-1ea0267bd564', '3 - Neutral', NULL, '3', NULL, '5ce995bc-6e44-44ef-95f9-c6c6db6ff0b7', '2025-07-11T05:54:54.045421+00:00', '2025-07-11T05:54:54.045421+00:00');
INSERT INTO answers (id, text, is_correct, marks, comment, question_id, created_at, updated_at) VALUES ('ca4d119c-fad9-411e-9e4a-823f5d0276b6', '5 - Strongly Agree', NULL, '5', NULL, '5ce995bc-6e44-44ef-95f9-c6c6db6ff0b7', '2025-07-11T05:54:54.045421+00:00', '2025-07-11T05:54:54.045421+00:00');
INSERT INTO answers (id, text, is_correct, marks, comment, question_id, created_at, updated_at) VALUES ('3c039f2e-7312-4aab-a01c-164c7e298a95', '4 - Agree', NULL, '4', NULL, '5ce995bc-6e44-44ef-95f9-c6c6db6ff0b7', '2025-07-11T05:54:54.045421+00:00', '2025-07-11T05:54:54.045421+00:00');
INSERT INTO answers (id, text, is_correct, marks, comment, question_id, created_at, updated_at) VALUES ('5029886d-d8d2-4403-bd9d-913c9f282792', '1 - Strongly Disagree', NULL, '1', NULL, '5ce995bc-6e44-44ef-95f9-c6c6db6ff0b7', '2025-07-11T05:54:54.045421+00:00', '2025-07-11T05:54:54.045421+00:00');
INSERT INTO answers (id, text, is_correct, marks, comment, question_id, created_at, updated_at) VALUES ('1da48c2e-c977-4c4e-bed8-61b6e5fd5fa1', '1 - Strongly Disagree', NULL, '1', NULL, '5f7be3f1-7dec-41d2-9c69-a916c5e5f8a7', '2025-07-11T05:54:53.312429+00:00', '2025-07-11T05:54:53.312429+00:00');
INSERT INTO answers (id, text, is_correct, marks, comment, question_id, created_at, updated_at) VALUES ('fa2a524e-dd9f-46bd-af09-4e7e55f17032', '2 - Disagree', NULL, '2', NULL, '5f7be3f1-7dec-41d2-9c69-a916c5e5f8a7', '2025-07-11T05:54:53.312429+00:00', '2025-07-11T05:54:53.312429+00:00');
INSERT INTO answers (id, text, is_correct, marks, comment, question_id, created_at, updated_at) VALUES ('de911725-d8b2-43e3-941c-0c83f401b840', '3 - Neutral', NULL, '3', NULL, '5f7be3f1-7dec-41d2-9c69-a916c5e5f8a7', '2025-07-11T05:54:53.312429+00:00', '2025-07-11T05:54:53.312429+00:00');
INSERT INTO answers (id, text, is_correct, marks, comment, question_id, created_at, updated_at) VALUES ('1fbcde7b-12a7-412a-9f41-f33d88715ebf', '4 - Agree', NULL, '4', NULL, '5f7be3f1-7dec-41d2-9c69-a916c5e5f8a7', '2025-07-11T05:54:53.312429+00:00', '2025-07-11T05:54:53.312429+00:00');
INSERT INTO answers (id, text, is_correct, marks, comment, question_id, created_at, updated_at) VALUES ('024b8530-93e9-468b-9ea5-a9dd4714017c', '5 - Strongly Agree', NULL, '5', NULL, '5f7be3f1-7dec-41d2-9c69-a916c5e5f8a7', '2025-07-11T05:54:53.312429+00:00', '2025-07-11T05:54:53.312429+00:00');
INSERT INTO answers (id, text, is_correct, marks, comment, question_id, created_at, updated_at) VALUES ('057bfded-57c1-441f-b54c-b8618115f4e6', 'No', NULL, '0', NULL, '611d979b-bf66-4d2a-99c7-4bb004e4948a', '2025-07-11T06:07:14.301494+00:00', '2025-07-11T06:07:14.301494+00:00');
INSERT INTO answers (id, text, is_correct, marks, comment, question_id, created_at, updated_at) VALUES ('83e2548d-77ca-4977-9650-7913707b189a', 'Yes', NULL, '1', NULL, '611d979b-bf66-4d2a-99c7-4bb004e4948a', '2025-07-11T06:07:14.301494+00:00', '2025-07-11T06:07:14.301494+00:00');
INSERT INTO answers (id, text, is_correct, marks, comment, question_id, created_at, updated_at) VALUES ('d51aaae0-a2dc-4c4d-a7c6-70feb8c77f04', '2 - Disagree', NULL, '2', NULL, '63db6220-f6fd-4a52-a846-121536f63cf6', '2025-07-11T05:54:53.521946+00:00', '2025-07-11T05:54:53.521946+00:00');
INSERT INTO answers (id, text, is_correct, marks, comment, question_id, created_at, updated_at) VALUES ('8f5e7ac4-3fd4-4fe1-a2a5-a370c4ef1685', '1 - Strongly Disagree', NULL, '1', NULL, '63db6220-f6fd-4a52-a846-121536f63cf6', '2025-07-11T05:54:53.521946+00:00', '2025-07-11T05:54:53.521946+00:00');
INSERT INTO answers (id, text, is_correct, marks, comment, question_id, created_at, updated_at) VALUES ('3e0b3a2b-33e4-4932-b95c-e58022370b19', '3 - Neutral', NULL, '3', NULL, '63db6220-f6fd-4a52-a846-121536f63cf6', '2025-07-11T05:54:53.521946+00:00', '2025-07-11T05:54:53.521946+00:00');
INSERT INTO answers (id, text, is_correct, marks, comment, question_id, created_at, updated_at) VALUES ('8cd2aa03-0ba7-4374-a229-73b900771449', '4 - Agree', NULL, '4', NULL, '63db6220-f6fd-4a52-a846-121536f63cf6', '2025-07-11T05:54:53.521946+00:00', '2025-07-11T05:54:53.521946+00:00');
INSERT INTO answers (id, text, is_correct, marks, comment, question_id, created_at, updated_at) VALUES ('c38fc836-dc7a-4fa3-94df-dd8ff5b68ae0', '5 - Strongly Agree', NULL, '5', NULL, '63db6220-f6fd-4a52-a846-121536f63cf6', '2025-07-11T05:54:53.521946+00:00', '2025-07-11T05:54:53.521946+00:00');
INSERT INTO answers (id, text, is_correct, marks, comment, question_id, created_at, updated_at) VALUES ('03262eb8-a2d3-4182-bd9e-b34c79fee558', 'Strongly disagree', NULL, '1', NULL, '65ea2c48-acbc-42ec-96c1-c8f13800b7f1', '2025-07-11T08:45:45.412346+00:00', '2025-07-11T08:45:45.412346+00:00');
INSERT INTO answers (id, text, is_correct, marks, comment, question_id, created_at, updated_at) VALUES ('9ff2906f-ec8c-409a-a2a0-08e89af487c5', 'Strongly agree', NULL, '5', NULL, '65ea2c48-acbc-42ec-96c1-c8f13800b7f1', '2025-07-11T08:45:45.412346+00:00', '2025-07-11T08:45:45.412346+00:00');
INSERT INTO answers (id, text, is_correct, marks, comment, question_id, created_at, updated_at) VALUES ('5d7aba36-ab6e-4cab-a444-bf3932c2fb15', 'Disagree', NULL, '2', NULL, '65ea2c48-acbc-42ec-96c1-c8f13800b7f1', '2025-07-11T08:45:45.412346+00:00', '2025-07-11T08:45:45.412346+00:00');
INSERT INTO answers (id, text, is_correct, marks, comment, question_id, created_at, updated_at) VALUES ('4bc28e2d-2e3e-42d9-9743-0757455baadf', 'Neutral', NULL, '3', NULL, '65ea2c48-acbc-42ec-96c1-c8f13800b7f1', '2025-07-11T08:45:45.412346+00:00', '2025-07-11T08:45:45.412346+00:00');
INSERT INTO answers (id, text, is_correct, marks, comment, question_id, created_at, updated_at) VALUES ('8dfa90c2-b1ce-4ba8-817e-928d53a7be01', 'Agree', NULL, '4', NULL, '65ea2c48-acbc-42ec-96c1-c8f13800b7f1', '2025-07-11T08:45:45.412346+00:00', '2025-07-11T08:45:45.412346+00:00');
INSERT INTO answers (id, text, is_correct, marks, comment, question_id, created_at, updated_at) VALUES ('db418985-a685-4ed9-b6d5-e7d48a7c6419', 'No', NULL, '0', NULL, '6916fba4-ef51-4b7a-a8e8-12a2fe94c01c', '2025-07-11T06:07:14.660637+00:00', '2025-07-11T06:07:14.660637+00:00');
INSERT INTO answers (id, text, is_correct, marks, comment, question_id, created_at, updated_at) VALUES ('9e7c3b6f-107f-45ec-899f-00bb9fbeaa9a', 'Yes', NULL, '1', NULL, '6916fba4-ef51-4b7a-a8e8-12a2fe94c01c', '2025-07-11T06:07:14.660637+00:00', '2025-07-11T06:07:14.660637+00:00');
INSERT INTO answers (id, text, is_correct, marks, comment, question_id, created_at, updated_at) VALUES ('ed1f70c3-5757-4368-9d4e-6fd0961fa809', '1 - Strongly Disagree', NULL, '1', NULL, '6b4c43a8-88a5-4f6e-af2b-11634fd6bbd2', '2025-07-11T05:54:57.064662+00:00', '2025-07-11T05:54:57.064662+00:00');
INSERT INTO answers (id, text, is_correct, marks, comment, question_id, created_at, updated_at) VALUES ('032a453a-64d7-42fe-b819-e9b0ad6b699d', '5 - Strongly Agree', NULL, '5', NULL, '6b4c43a8-88a5-4f6e-af2b-11634fd6bbd2', '2025-07-11T05:54:57.064662+00:00', '2025-07-11T05:54:57.064662+00:00');
INSERT INTO answers (id, text, is_correct, marks, comment, question_id, created_at, updated_at) VALUES ('6f1039b5-90f1-4541-844e-52ee9efcc314', '2 - Disagree', NULL, '2', NULL, '6b4c43a8-88a5-4f6e-af2b-11634fd6bbd2', '2025-07-11T05:54:57.064662+00:00', '2025-07-11T05:54:57.064662+00:00');
INSERT INTO answers (id, text, is_correct, marks, comment, question_id, created_at, updated_at) VALUES ('7f40c50f-220a-429f-b62e-77e9061cebc2', '3 - Neutral', NULL, '3', NULL, '6b4c43a8-88a5-4f6e-af2b-11634fd6bbd2', '2025-07-11T05:54:57.064662+00:00', '2025-07-11T05:54:57.064662+00:00');
INSERT INTO answers (id, text, is_correct, marks, comment, question_id, created_at, updated_at) VALUES ('b4addd6a-e09a-489e-acc2-b9e2da76b51e', '4 - Agree', NULL, '4', NULL, '6b4c43a8-88a5-4f6e-af2b-11634fd6bbd2', '2025-07-11T05:54:57.064662+00:00', '2025-07-11T05:54:57.064662+00:00');
INSERT INTO answers (id, text, is_correct, marks, comment, question_id, created_at, updated_at) VALUES ('a676c941-3c3c-475e-84eb-ae5f2b7dc4c5', 'Yes', NULL, '1', NULL, '713c1cca-1cd0-46c5-ad4e-214ed484d5ff', '2025-07-11T06:07:08.688291+00:00', '2025-07-11T06:07:08.688291+00:00');
INSERT INTO answers (id, text, is_correct, marks, comment, question_id, created_at, updated_at) VALUES ('0144be4f-cd08-4fef-a608-52db91c77b9a', 'No', NULL, '0', NULL, '713c1cca-1cd0-46c5-ad4e-214ed484d5ff', '2025-07-11T06:07:08.688291+00:00', '2025-07-11T06:07:08.688291+00:00');
INSERT INTO answers (id, text, is_correct, marks, comment, question_id, created_at, updated_at) VALUES ('ca5219ea-df54-4303-a2b9-d0315079e6e5', '12–24 hours', NULL, '2', NULL, '720eba34-bb00-4684-82dc-7021691483da', '2025-07-11T08:45:50.073012+00:00', '2025-07-11T08:45:50.073012+00:00');
INSERT INTO answers (id, text, is_correct, marks, comment, question_id, created_at, updated_at) VALUES ('e81727f7-011b-47c3-8893-657a2c1efc35', 'More than 24 hours', NULL, '1', NULL, '720eba34-bb00-4684-82dc-7021691483da', '2025-07-11T08:45:50.073012+00:00', '2025-07-11T08:45:50.073012+00:00');
INSERT INTO answers (id, text, is_correct, marks, comment, question_id, created_at, updated_at) VALUES ('60a7d105-9ce1-4b35-8ba9-86ee8e684880', 'Less than 1 hour', NULL, '5', NULL, '720eba34-bb00-4684-82dc-7021691483da', '2025-07-11T08:45:50.073012+00:00', '2025-07-11T08:45:50.073012+00:00');
INSERT INTO answers (id, text, is_correct, marks, comment, question_id, created_at, updated_at) VALUES ('b509725f-6ed2-40ee-9eca-6b9598d860ec', '2–12 hours', NULL, '3', NULL, '720eba34-bb00-4684-82dc-7021691483da', '2025-07-11T08:45:50.073012+00:00', '2025-07-11T08:45:50.073012+00:00');
INSERT INTO answers (id, text, is_correct, marks, comment, question_id, created_at, updated_at) VALUES ('354047a6-e4a5-483c-b8e5-ee013ef32a84', '1–2 hours', NULL, '4', NULL, '720eba34-bb00-4684-82dc-7021691483da', '2025-07-11T08:45:50.073012+00:00', '2025-07-11T08:45:50.073012+00:00');
INSERT INTO answers (id, text, is_correct, marks, comment, question_id, created_at, updated_at) VALUES ('c3d1bf39-cc4f-4fb7-89a3-2625fab176fd', '2 - Disagree', NULL, '2', NULL, '755c2570-916e-46c5-93ae-2ddb70612f41', '2025-07-11T05:54:55.675991+00:00', '2025-07-11T05:54:55.675991+00:00');
INSERT INTO answers (id, text, is_correct, marks, comment, question_id, created_at, updated_at) VALUES ('bd0579ae-fe75-4bfe-8031-62cbc973f795', '5 - Strongly Agree', NULL, '5', NULL, '755c2570-916e-46c5-93ae-2ddb70612f41', '2025-07-11T05:54:55.675991+00:00', '2025-07-11T05:54:55.675991+00:00');
INSERT INTO answers (id, text, is_correct, marks, comment, question_id, created_at, updated_at) VALUES ('d3fb8359-8415-47d5-ad7d-b33efba4e5e0', '4 - Agree', NULL, '4', NULL, '755c2570-916e-46c5-93ae-2ddb70612f41', '2025-07-11T05:54:55.675991+00:00', '2025-07-11T05:54:55.675991+00:00');
INSERT INTO answers (id, text, is_correct, marks, comment, question_id, created_at, updated_at) VALUES ('a2b7ec7b-2a58-4a2e-8cdb-511fb3d83da1', '3 - Neutral', NULL, '3', NULL, '755c2570-916e-46c5-93ae-2ddb70612f41', '2025-07-11T05:54:55.675991+00:00', '2025-07-11T05:54:55.675991+00:00');
INSERT INTO answers (id, text, is_correct, marks, comment, question_id, created_at, updated_at) VALUES ('6d82aff7-24c8-4ea7-a7a2-3f29fcc7f042', '1 - Strongly Disagree', NULL, '1', NULL, '755c2570-916e-46c5-93ae-2ddb70612f41', '2025-07-11T05:54:55.675991+00:00', '2025-07-11T05:54:55.675991+00:00');
INSERT INTO answers (id, text, is_correct, marks, comment, question_id, created_at, updated_at) VALUES ('dc95faa4-868b-468a-9261-4090534f88f0', 'No', NULL, '0', NULL, '768ccb99-7503-4061-9cb8-d81d06d495a1', '2025-07-11T06:07:14.866468+00:00', '2025-07-11T06:07:14.866468+00:00');
INSERT INTO answers (id, text, is_correct, marks, comment, question_id, created_at, updated_at) VALUES ('08e93bdf-8f4d-4e78-89f1-efb11f5284aa', 'Yes', NULL, '1', NULL, '768ccb99-7503-4061-9cb8-d81d06d495a1', '2025-07-11T06:07:14.866468+00:00', '2025-07-11T06:07:14.866468+00:00');
INSERT INTO answers (id, text, is_correct, marks, comment, question_id, created_at, updated_at) VALUES ('e811883c-5688-4a63-8d1d-cd601e7842d4', '4 - Agree', NULL, '4', NULL, '7961ce69-bfbd-4939-80ba-7595dc5e2973', '2025-07-11T05:54:56.637284+00:00', '2025-07-11T05:54:56.637284+00:00');
INSERT INTO answers (id, text, is_correct, marks, comment, question_id, created_at, updated_at) VALUES ('aa1a1cf9-7e45-43b1-a971-4f4e3b55e006', '1 - Strongly Disagree', NULL, '1', NULL, '7961ce69-bfbd-4939-80ba-7595dc5e2973', '2025-07-11T05:54:56.637284+00:00', '2025-07-11T05:54:56.637284+00:00');
INSERT INTO answers (id, text, is_correct, marks, comment, question_id, created_at, updated_at) VALUES ('5312778e-aded-4022-964d-60f9c00852fc', '2 - Disagree', NULL, '2', NULL, '7961ce69-bfbd-4939-80ba-7595dc5e2973', '2025-07-11T05:54:56.637284+00:00', '2025-07-11T05:54:56.637284+00:00');
INSERT INTO answers (id, text, is_correct, marks, comment, question_id, created_at, updated_at) VALUES ('d1b18af9-11b6-422c-ad54-2b0974eaf010', '5 - Strongly Agree', NULL, '5', NULL, '7961ce69-bfbd-4939-80ba-7595dc5e2973', '2025-07-11T05:54:56.637284+00:00', '2025-07-11T05:54:56.637284+00:00');
INSERT INTO answers (id, text, is_correct, marks, comment, question_id, created_at, updated_at) VALUES ('4ba1a241-ccdb-4bff-8d03-168411fa19f9', '3 - Neutral', NULL, '3', NULL, '7961ce69-bfbd-4939-80ba-7595dc5e2973', '2025-07-11T05:54:56.637284+00:00', '2025-07-11T05:54:56.637284+00:00');
INSERT INTO answers (id, text, is_correct, marks, comment, question_id, created_at, updated_at) VALUES ('ad09e003-2b99-42ec-a079-24b9c41eae23', 'Yes', NULL, '1', NULL, '7ae9382b-5c28-4849-84f0-8f11e1d80f7c', '2025-07-11T06:07:08.000976+00:00', '2025-07-11T06:07:08.000976+00:00');
INSERT INTO answers (id, text, is_correct, marks, comment, question_id, created_at, updated_at) VALUES ('fea562e5-4057-4317-851f-79ddc2938c87', 'No', NULL, '0', NULL, '7ae9382b-5c28-4849-84f0-8f11e1d80f7c', '2025-07-11T06:07:08.000976+00:00', '2025-07-11T06:07:08.000976+00:00');
INSERT INTO answers (id, text, is_correct, marks, comment, question_id, created_at, updated_at) VALUES ('d240fed6-5f73-46c4-8bbe-aaebbdbdb003', 'Yes', NULL, '1', NULL, '7ba1d578-2577-4d74-bc24-ccf83b1ecac1', '2025-07-11T06:07:12.970772+00:00', '2025-07-11T06:07:12.970772+00:00');
INSERT INTO answers (id, text, is_correct, marks, comment, question_id, created_at, updated_at) VALUES ('42ec65d7-3a64-4b65-9486-70c1465f4bbe', 'No', NULL, '0', NULL, '7ba1d578-2577-4d74-bc24-ccf83b1ecac1', '2025-07-11T06:07:12.970772+00:00', '2025-07-11T06:07:12.970772+00:00');
INSERT INTO answers (id, text, is_correct, marks, comment, question_id, created_at, updated_at) VALUES ('f812d05e-4979-443b-92e6-ee44bd381004', 'No', NULL, '0', NULL, '7c9c2b37-6e54-47d1-b861-c2beeb859c3d', '2025-07-11T06:07:09.494745+00:00', '2025-07-11T06:07:09.494745+00:00');
INSERT INTO answers (id, text, is_correct, marks, comment, question_id, created_at, updated_at) VALUES ('617aba9b-e3e3-45a9-a72c-32377ff96bf5', 'Yes', NULL, '1', NULL, '7c9c2b37-6e54-47d1-b861-c2beeb859c3d', '2025-07-11T06:07:09.494745+00:00', '2025-07-11T06:07:09.494745+00:00');
INSERT INTO answers (id, text, is_correct, marks, comment, question_id, created_at, updated_at) VALUES ('5c5da2ef-11c9-4992-9d02-f3a2a904e31f', 'Yes', NULL, '1', NULL, '829c2d28-d71d-4f42-aec2-608ca31d2c16', '2025-07-11T06:07:13.434224+00:00', '2025-07-11T06:07:13.434224+00:00');
INSERT INTO answers (id, text, is_correct, marks, comment, question_id, created_at, updated_at) VALUES ('890d597a-1610-4a9e-8985-1e336de552d6', 'No', NULL, '0', NULL, '829c2d28-d71d-4f42-aec2-608ca31d2c16', '2025-07-11T06:07:13.434224+00:00', '2025-07-11T06:07:13.434224+00:00');
INSERT INTO answers (id, text, is_correct, marks, comment, question_id, created_at, updated_at) VALUES ('0cbf169e-5fc2-464c-9bc6-e0fba9670400', 'No', NULL, '0', NULL, '83af3af1-e738-4d2e-b21c-d676abee51c0', '2025-07-11T06:07:10.554884+00:00', '2025-07-11T06:07:10.554884+00:00');
INSERT INTO answers (id, text, is_correct, marks, comment, question_id, created_at, updated_at) VALUES ('2e21ab9e-c7d1-43f4-9aa7-cab3ce3ca01c', 'Yes', NULL, '1', NULL, '83af3af1-e738-4d2e-b21c-d676abee51c0', '2025-07-11T06:07:10.554884+00:00', '2025-07-11T06:07:10.554884+00:00');
INSERT INTO answers (id, text, is_correct, marks, comment, question_id, created_at, updated_at) VALUES ('25224d0c-addf-4adb-92cb-055c9b2d0d25', 'Strongly disagree', NULL, '1', NULL, '84721c51-ae06-4b6a-9ead-629e21d9e865', '2025-07-11T08:45:47.932987+00:00', '2025-07-11T08:45:47.932987+00:00');
INSERT INTO answers (id, text, is_correct, marks, comment, question_id, created_at, updated_at) VALUES ('3c99d089-4c85-40a8-bc52-5c34464815d7', 'Strongly agree', NULL, '5', NULL, '84721c51-ae06-4b6a-9ead-629e21d9e865', '2025-07-11T08:45:47.932987+00:00', '2025-07-11T08:45:47.932987+00:00');
INSERT INTO answers (id, text, is_correct, marks, comment, question_id, created_at, updated_at) VALUES ('d5dded37-a35b-4825-8508-af23c159fe75', 'Agree', NULL, '4', NULL, '84721c51-ae06-4b6a-9ead-629e21d9e865', '2025-07-11T08:45:47.932987+00:00', '2025-07-11T08:45:47.932987+00:00');
INSERT INTO answers (id, text, is_correct, marks, comment, question_id, created_at, updated_at) VALUES ('372b70b6-5f2b-483b-b6d0-645cc0e31020', 'Neutral', NULL, '3', NULL, '84721c51-ae06-4b6a-9ead-629e21d9e865', '2025-07-11T08:45:47.932987+00:00', '2025-07-11T08:45:47.932987+00:00');
INSERT INTO answers (id, text, is_correct, marks, comment, question_id, created_at, updated_at) VALUES ('06512c32-fb49-43b4-8aaf-1f86ce309e9f', 'Disagree', NULL, '2', NULL, '84721c51-ae06-4b6a-9ead-629e21d9e865', '2025-07-11T08:45:47.932987+00:00', '2025-07-11T08:45:47.932987+00:00');
INSERT INTO answers (id, text, is_correct, marks, comment, question_id, created_at, updated_at) VALUES ('3beaa0d6-5428-41a4-9831-5ede99d7bd14', 'Disagree', NULL, '2', NULL, '85217336-c206-4ce5-a44a-cfd3058e0f19', '2025-07-11T08:45:48.829034+00:00', '2025-07-11T08:45:48.829034+00:00');
INSERT INTO answers (id, text, is_correct, marks, comment, question_id, created_at, updated_at) VALUES ('9979d56d-7215-4899-9b71-25a6b6fea29f', 'Strongly agree', NULL, '5', NULL, '85217336-c206-4ce5-a44a-cfd3058e0f19', '2025-07-11T08:45:48.829034+00:00', '2025-07-11T08:45:48.829034+00:00');
INSERT INTO answers (id, text, is_correct, marks, comment, question_id, created_at, updated_at) VALUES ('3f4e0ddd-5a40-4526-bbae-19b405e01e8c', 'Agree', NULL, '4', NULL, '85217336-c206-4ce5-a44a-cfd3058e0f19', '2025-07-11T08:45:48.829034+00:00', '2025-07-11T08:45:48.829034+00:00');
INSERT INTO answers (id, text, is_correct, marks, comment, question_id, created_at, updated_at) VALUES ('324480f7-4a41-47cb-95d9-9ab2e0b19334', 'Neutral', NULL, '3', NULL, '85217336-c206-4ce5-a44a-cfd3058e0f19', '2025-07-11T08:45:48.829034+00:00', '2025-07-11T08:45:48.829034+00:00');
INSERT INTO answers (id, text, is_correct, marks, comment, question_id, created_at, updated_at) VALUES ('f7260e8a-9254-47c1-8c28-ab80c1c7323b', 'Strongly disagree', NULL, '1', NULL, '85217336-c206-4ce5-a44a-cfd3058e0f19', '2025-07-11T08:45:48.829034+00:00', '2025-07-11T08:45:48.829034+00:00');
INSERT INTO answers (id, text, is_correct, marks, comment, question_id, created_at, updated_at) VALUES ('395b3788-5274-4cc5-b044-e97c6a11dd82', 'Every 3+ years', NULL, '2', NULL, '8736c8a9-5756-4944-bf25-6f76444cb5d7', '2025-07-11T08:45:43.483122+00:00', '2025-07-11T08:45:43.483122+00:00');
INSERT INTO answers (id, text, is_correct, marks, comment, question_id, created_at, updated_at) VALUES ('251657fe-9eeb-4985-9e5f-4e090b19cea2', 'Annually', NULL, '4', NULL, '8736c8a9-5756-4944-bf25-6f76444cb5d7', '2025-07-11T08:45:43.483122+00:00', '2025-07-11T08:45:43.483122+00:00');
INSERT INTO answers (id, text, is_correct, marks, comment, question_id, created_at, updated_at) VALUES ('220f5144-d56e-4b02-958f-f3629b6d1cba', 'Every 2–3 years', NULL, '3', NULL, '8736c8a9-5756-4944-bf25-6f76444cb5d7', '2025-07-11T08:45:43.483122+00:00', '2025-07-11T08:45:43.483122+00:00');
INSERT INTO answers (id, text, is_correct, marks, comment, question_id, created_at, updated_at) VALUES ('a35cda6b-dbc7-4f3a-8f76-c85bf024e212', 'Semi-annually or more', NULL, '5', NULL, '8736c8a9-5756-4944-bf25-6f76444cb5d7', '2025-07-11T08:45:43.483122+00:00', '2025-07-11T08:45:43.483122+00:00');
INSERT INTO answers (id, text, is_correct, marks, comment, question_id, created_at, updated_at) VALUES ('1dee7c9d-ead0-48db-aa55-4ed4ca188a3b', 'Never', NULL, '1', NULL, '8736c8a9-5756-4944-bf25-6f76444cb5d7', '2025-07-11T08:45:43.483122+00:00', '2025-07-11T08:45:43.483122+00:00');
INSERT INTO answers (id, text, is_correct, marks, comment, question_id, created_at, updated_at) VALUES ('367decda-96ac-476b-b8c4-cd4b08fc2793', '2 - Disagree', NULL, '2', NULL, '887af4d3-5719-447a-add7-ba742d3fc50b', '2025-07-11T05:54:49.547557+00:00', '2025-07-11T05:54:49.547557+00:00');
INSERT INTO answers (id, text, is_correct, marks, comment, question_id, created_at, updated_at) VALUES ('f2649c06-149e-4405-9934-12837a34a7a7', '1 - Strongly Disagree', NULL, '1', NULL, '887af4d3-5719-447a-add7-ba742d3fc50b', '2025-07-11T05:54:49.547557+00:00', '2025-07-11T05:54:49.547557+00:00');
INSERT INTO answers (id, text, is_correct, marks, comment, question_id, created_at, updated_at) VALUES ('26d23f0a-336c-4e72-84fd-78f961ec6383', '3 - Neutral', NULL, '3', NULL, '887af4d3-5719-447a-add7-ba742d3fc50b', '2025-07-11T05:54:49.547557+00:00', '2025-07-11T05:54:49.547557+00:00');
INSERT INTO answers (id, text, is_correct, marks, comment, question_id, created_at, updated_at) VALUES ('9f6b2e21-8746-45cb-9b22-702f0c0c4ada', '4 - Agree', NULL, '4', NULL, '887af4d3-5719-447a-add7-ba742d3fc50b', '2025-07-11T05:54:49.547557+00:00', '2025-07-11T05:54:49.547557+00:00');
INSERT INTO answers (id, text, is_correct, marks, comment, question_id, created_at, updated_at) VALUES ('00256892-c4a0-4f16-87f7-f2c7c74b64fd', '5 - Strongly Agree', NULL, '5', NULL, '887af4d3-5719-447a-add7-ba742d3fc50b', '2025-07-11T05:54:49.547557+00:00', '2025-07-11T05:54:49.547557+00:00');
INSERT INTO answers (id, text, is_correct, marks, comment, question_id, created_at, updated_at) VALUES ('688d8295-0c43-4da6-8ad7-388fe699239d', 'Neutral', NULL, '3', NULL, '8a411b27-383e-4976-94e2-9a1e949089c4', '2025-07-11T08:45:45.633298+00:00', '2025-07-11T08:45:45.633298+00:00');
INSERT INTO answers (id, text, is_correct, marks, comment, question_id, created_at, updated_at) VALUES ('abab8255-4334-41fc-ad67-39743a810945', 'Strongly agree', NULL, '5', NULL, '8a411b27-383e-4976-94e2-9a1e949089c4', '2025-07-11T08:45:45.633298+00:00', '2025-07-11T08:45:45.633298+00:00');
INSERT INTO answers (id, text, is_correct, marks, comment, question_id, created_at, updated_at) VALUES ('7718a2d0-3ac6-4ce5-ad4b-977fb1eaa8c6', 'Agree', NULL, '4', NULL, '8a411b27-383e-4976-94e2-9a1e949089c4', '2025-07-11T08:45:45.633298+00:00', '2025-07-11T08:45:45.633298+00:00');
INSERT INTO answers (id, text, is_correct, marks, comment, question_id, created_at, updated_at) VALUES ('28822708-34ea-414d-9281-cdfc74be81db', 'Strongly disagree', NULL, '1', NULL, '8a411b27-383e-4976-94e2-9a1e949089c4', '2025-07-11T08:45:45.633298+00:00', '2025-07-11T08:45:45.633298+00:00');
INSERT INTO answers (id, text, is_correct, marks, comment, question_id, created_at, updated_at) VALUES ('7062baf1-093d-44b9-a4eb-a52d1136a909', 'Disagree', NULL, '2', NULL, '8a411b27-383e-4976-94e2-9a1e949089c4', '2025-07-11T08:45:45.633298+00:00', '2025-07-11T08:45:45.633298+00:00');
INSERT INTO answers (id, text, is_correct, marks, comment, question_id, created_at, updated_at) VALUES ('6f3f8edc-b736-4bb0-ade7-38eaf6101297', 'No', NULL, '0', NULL, '8aabf314-4ca7-4647-803a-0bf7649adb3e', '2025-07-11T06:07:08.925473+00:00', '2025-07-11T06:07:08.925473+00:00');
INSERT INTO answers (id, text, is_correct, marks, comment, question_id, created_at, updated_at) VALUES ('569dd20b-8be1-4382-a956-20ebe90a1310', 'Yes', NULL, '1', NULL, '8aabf314-4ca7-4647-803a-0bf7649adb3e', '2025-07-11T06:07:08.925473+00:00', '2025-07-11T06:07:08.925473+00:00');
INSERT INTO answers (id, text, is_correct, marks, comment, question_id, created_at, updated_at) VALUES ('5f187338-b2b9-4a29-87d6-52d8eeeccabb', 'Neutral', NULL, '3', NULL, '8ddec58b-8ea1-4f44-9218-8b45dccea97d', '2025-07-11T08:45:43.834897+00:00', '2025-07-11T08:45:43.834897+00:00');
INSERT INTO answers (id, text, is_correct, marks, comment, question_id, created_at, updated_at) VALUES ('af80ed34-b2a2-4c6b-b16d-f0c14244d270', 'Disagree', NULL, '2', NULL, '8ddec58b-8ea1-4f44-9218-8b45dccea97d', '2025-07-11T08:45:43.834897+00:00', '2025-07-11T08:45:43.834897+00:00');
INSERT INTO answers (id, text, is_correct, marks, comment, question_id, created_at, updated_at) VALUES ('db2369f5-1f59-4e4f-a3c4-7942a772d6a4', 'Strongly disagree', NULL, '1', NULL, '8ddec58b-8ea1-4f44-9218-8b45dccea97d', '2025-07-11T08:45:43.834897+00:00', '2025-07-11T08:45:43.834897+00:00');
INSERT INTO answers (id, text, is_correct, marks, comment, question_id, created_at, updated_at) VALUES ('08fc8ec6-45b6-4d70-af29-a90c461a3041', 'Strongly agree', NULL, '5', NULL, '8ddec58b-8ea1-4f44-9218-8b45dccea97d', '2025-07-11T08:45:43.834897+00:00', '2025-07-11T08:45:43.834897+00:00');
INSERT INTO answers (id, text, is_correct, marks, comment, question_id, created_at, updated_at) VALUES ('2b2cbced-9ef4-423f-8418-fc01d8d056dc', 'Agree', NULL, '4', NULL, '8ddec58b-8ea1-4f44-9218-8b45dccea97d', '2025-07-11T08:45:43.834897+00:00', '2025-07-11T08:45:43.834897+00:00');
INSERT INTO answers (id, text, is_correct, marks, comment, question_id, created_at, updated_at) VALUES ('56153346-8475-46a9-a3c1-4e695269674a', 'Disagree', NULL, '2', NULL, '91963828-ad77-4e0b-a6ce-853907dcd6b0', '2025-07-11T08:45:44.153241+00:00', '2025-07-11T08:45:44.153241+00:00');
INSERT INTO answers (id, text, is_correct, marks, comment, question_id, created_at, updated_at) VALUES ('9c8f8f70-c1b1-4a31-bd89-b80eea767601', 'Neutral', NULL, '3', NULL, '91963828-ad77-4e0b-a6ce-853907dcd6b0', '2025-07-11T08:45:44.153241+00:00', '2025-07-11T08:45:44.153241+00:00');
INSERT INTO answers (id, text, is_correct, marks, comment, question_id, created_at, updated_at) VALUES ('25b492b5-1d59-4c1b-8781-566c59d7dbe2', 'Agree', NULL, '4', NULL, '91963828-ad77-4e0b-a6ce-853907dcd6b0', '2025-07-11T08:45:44.153241+00:00', '2025-07-11T08:45:44.153241+00:00');
INSERT INTO answers (id, text, is_correct, marks, comment, question_id, created_at, updated_at) VALUES ('60a818dd-f68e-42a7-928a-dbc9b722f67b', 'Strongly agree', NULL, '5', NULL, '91963828-ad77-4e0b-a6ce-853907dcd6b0', '2025-07-11T08:45:44.153241+00:00', '2025-07-11T08:45:44.153241+00:00');
INSERT INTO answers (id, text, is_correct, marks, comment, question_id, created_at, updated_at) VALUES ('cebc9345-f14b-405b-9842-623bbcda7123', 'Strongly disagree', NULL, '1', NULL, '91963828-ad77-4e0b-a6ce-853907dcd6b0', '2025-07-11T08:45:44.153241+00:00', '2025-07-11T08:45:44.153241+00:00');
INSERT INTO answers (id, text, is_correct, marks, comment, question_id, created_at, updated_at) VALUES ('d5378650-618f-444b-ab2b-c610d5a08af4', 'Monthly', NULL, '4', NULL, '921ee964-de24-42de-bebd-290bcc62f402', '2025-07-11T08:45:47.716397+00:00', '2025-07-11T08:45:47.716397+00:00');
INSERT INTO answers (id, text, is_correct, marks, comment, question_id, created_at, updated_at) VALUES ('47a6c50a-ccdf-4075-9c27-8fb6dd360732', 'Quarterly', NULL, '3', NULL, '921ee964-de24-42de-bebd-290bcc62f402', '2025-07-11T08:45:47.716397+00:00', '2025-07-11T08:45:47.716397+00:00');
INSERT INTO answers (id, text, is_correct, marks, comment, question_id, created_at, updated_at) VALUES ('539d3792-d99d-4858-b745-0964d2210a8a', 'Annually', NULL, '2', NULL, '921ee964-de24-42de-bebd-290bcc62f402', '2025-07-11T08:45:47.716397+00:00', '2025-07-11T08:45:47.716397+00:00');
INSERT INTO answers (id, text, is_correct, marks, comment, question_id, created_at, updated_at) VALUES ('a7c04e9c-bf35-4d6e-9698-b08cb64e5b4b', 'Never', NULL, '1', NULL, '921ee964-de24-42de-bebd-290bcc62f402', '2025-07-11T08:45:47.716397+00:00', '2025-07-11T08:45:47.716397+00:00');
INSERT INTO answers (id, text, is_correct, marks, comment, question_id, created_at, updated_at) VALUES ('b1a132a5-4c58-4344-a562-bc269a52229d', 'As per policy', NULL, '5', NULL, '921ee964-de24-42de-bebd-290bcc62f402', '2025-07-11T08:45:47.716397+00:00', '2025-07-11T08:45:47.716397+00:00');
INSERT INTO answers (id, text, is_correct, marks, comment, question_id, created_at, updated_at) VALUES ('ec8062bb-305a-4c61-90a2-4d345f145a34', '4 - Agree', NULL, '4', NULL, '9349255e-42a5-4402-9908-f1bdb6cefa19', '2025-07-11T05:54:51.877855+00:00', '2025-07-11T05:54:51.877855+00:00');
INSERT INTO answers (id, text, is_correct, marks, comment, question_id, created_at, updated_at) VALUES ('30d8fef1-6d25-429a-bbcf-62faedb2b418', '1 - Strongly Disagree', NULL, '1', NULL, '9349255e-42a5-4402-9908-f1bdb6cefa19', '2025-07-11T05:54:51.877855+00:00', '2025-07-11T05:54:51.877855+00:00');
INSERT INTO answers (id, text, is_correct, marks, comment, question_id, created_at, updated_at) VALUES ('86485b71-d669-498f-96a2-f048efb12ff5', '2 - Disagree', NULL, '2', NULL, '9349255e-42a5-4402-9908-f1bdb6cefa19', '2025-07-11T05:54:51.877855+00:00', '2025-07-11T05:54:51.877855+00:00');
INSERT INTO answers (id, text, is_correct, marks, comment, question_id, created_at, updated_at) VALUES ('6a0bdf84-f66e-45cd-bd9b-ac317aa50e16', '3 - Neutral', NULL, '3', NULL, '9349255e-42a5-4402-9908-f1bdb6cefa19', '2025-07-11T05:54:51.877855+00:00', '2025-07-11T05:54:51.877855+00:00');
INSERT INTO answers (id, text, is_correct, marks, comment, question_id, created_at, updated_at) VALUES ('5f20e4b6-8b0b-415d-8b8b-c94b08e11121', '5 - Strongly Agree', NULL, '5', NULL, '9349255e-42a5-4402-9908-f1bdb6cefa19', '2025-07-11T05:54:51.877855+00:00', '2025-07-11T05:54:51.877855+00:00');
INSERT INTO answers (id, text, is_correct, marks, comment, question_id, created_at, updated_at) VALUES ('9b539130-868c-4c8f-9173-d5c60838d60c', '4 - Agree', NULL, '4', NULL, '935b1db9-4b31-42de-980c-660dafdb2a42', '2025-07-11T05:54:48.168058+00:00', '2025-07-11T05:54:48.168058+00:00');
INSERT INTO answers (id, text, is_correct, marks, comment, question_id, created_at, updated_at) VALUES ('8292a4b6-99b0-48e2-8c1f-dac9f99163e9', '3 - Neutral', NULL, '3', NULL, '935b1db9-4b31-42de-980c-660dafdb2a42', '2025-07-11T05:54:48.168058+00:00', '2025-07-11T05:54:48.168058+00:00');
INSERT INTO answers (id, text, is_correct, marks, comment, question_id, created_at, updated_at) VALUES ('c4ba562e-1cbe-485c-a20c-f0f5cf71c63c', '5 - Strongly Agree', NULL, '5', NULL, '935b1db9-4b31-42de-980c-660dafdb2a42', '2025-07-11T05:54:48.168058+00:00', '2025-07-11T05:54:48.168058+00:00');
INSERT INTO answers (id, text, is_correct, marks, comment, question_id, created_at, updated_at) VALUES ('4dff7ba5-b3ac-4df0-8656-5967454323b1', '2 - Disagree', NULL, '2', NULL, '935b1db9-4b31-42de-980c-660dafdb2a42', '2025-07-11T05:54:48.168058+00:00', '2025-07-11T05:54:48.168058+00:00');
INSERT INTO answers (id, text, is_correct, marks, comment, question_id, created_at, updated_at) VALUES ('04702d76-9854-4de2-8886-558edb14fe52', '1 - Strongly Disagree', NULL, '1', NULL, '935b1db9-4b31-42de-980c-660dafdb2a42', '2025-07-11T05:54:48.168058+00:00', '2025-07-11T05:54:48.168058+00:00');
INSERT INTO answers (id, text, is_correct, marks, comment, question_id, created_at, updated_at) VALUES ('46da19e5-46bd-4492-a740-3d80aa7c706d', 'Yes', NULL, '1', NULL, '97a9cbc2-ebb4-4afd-b680-59f3cfd337bd', '2025-07-11T06:07:09.280604+00:00', '2025-07-11T06:07:09.280604+00:00');
INSERT INTO answers (id, text, is_correct, marks, comment, question_id, created_at, updated_at) VALUES ('f2153992-617c-4255-b088-e50fd9bd57c0', 'No', NULL, '0', NULL, '97a9cbc2-ebb4-4afd-b680-59f3cfd337bd', '2025-07-11T06:07:09.280604+00:00', '2025-07-11T06:07:09.280604+00:00');
INSERT INTO answers (id, text, is_correct, marks, comment, question_id, created_at, updated_at) VALUES ('a8c78fcc-01ec-4006-96e2-5e597b4ba152', '1 - Strongly Disagree', NULL, '1', NULL, '983171c9-3704-409c-921d-e12d565047c3', '2025-07-11T05:54:54.70789+00:00', '2025-07-11T05:54:54.70789+00:00');
INSERT INTO answers (id, text, is_correct, marks, comment, question_id, created_at, updated_at) VALUES ('e8283bce-24b9-473d-956c-229c7189003d', '2 - Disagree', NULL, '2', NULL, '983171c9-3704-409c-921d-e12d565047c3', '2025-07-11T05:54:54.70789+00:00', '2025-07-11T05:54:54.70789+00:00');
INSERT INTO answers (id, text, is_correct, marks, comment, question_id, created_at, updated_at) VALUES ('1ee2a511-742d-478e-9f42-c0166f020f62', '3 - Neutral', NULL, '3', NULL, '983171c9-3704-409c-921d-e12d565047c3', '2025-07-11T05:54:54.70789+00:00', '2025-07-11T05:54:54.70789+00:00');
INSERT INTO answers (id, text, is_correct, marks, comment, question_id, created_at, updated_at) VALUES ('b49da61a-35e5-4bc4-b714-f1a937f44ae3', '4 - Agree', NULL, '4', NULL, '983171c9-3704-409c-921d-e12d565047c3', '2025-07-11T05:54:54.70789+00:00', '2025-07-11T05:54:54.70789+00:00');
INSERT INTO answers (id, text, is_correct, marks, comment, question_id, created_at, updated_at) VALUES ('fa401f4b-0c74-4a2b-be3d-ecd4faa640b2', '5 - Strongly Agree', NULL, '5', NULL, '983171c9-3704-409c-921d-e12d565047c3', '2025-07-11T05:54:54.70789+00:00', '2025-07-11T05:54:54.70789+00:00');
INSERT INTO answers (id, text, is_correct, marks, comment, question_id, created_at, updated_at) VALUES ('eb2147b6-dd00-410f-a6c5-6b2cd176b188', '2 - Disagree', NULL, '2', NULL, '99912f8f-60cf-4b2f-85d6-197f5f881111', '2025-07-11T05:54:54.924228+00:00', '2025-07-11T05:54:54.924228+00:00');
INSERT INTO answers (id, text, is_correct, marks, comment, question_id, created_at, updated_at) VALUES ('056ed048-cd48-46e4-a089-0283a3d2bd5a', '3 - Neutral', NULL, '3', NULL, '99912f8f-60cf-4b2f-85d6-197f5f881111', '2025-07-11T05:54:54.924228+00:00', '2025-07-11T05:54:54.924228+00:00');
INSERT INTO answers (id, text, is_correct, marks, comment, question_id, created_at, updated_at) VALUES ('896a2601-7c85-4c3d-bd2f-aadbcd70754c', '4 - Agree', NULL, '4', NULL, '99912f8f-60cf-4b2f-85d6-197f5f881111', '2025-07-11T05:54:54.924228+00:00', '2025-07-11T05:54:54.924228+00:00');
INSERT INTO answers (id, text, is_correct, marks, comment, question_id, created_at, updated_at) VALUES ('290b4595-4a91-4310-9758-d84a55223ec8', '5 - Strongly Agree', NULL, '5', NULL, '99912f8f-60cf-4b2f-85d6-197f5f881111', '2025-07-11T05:54:54.924228+00:00', '2025-07-11T05:54:54.924228+00:00');
INSERT INTO answers (id, text, is_correct, marks, comment, question_id, created_at, updated_at) VALUES ('e7cc21e7-025e-457a-bd73-edf3e76ceb1e', '1 - Strongly Disagree', NULL, '1', NULL, '99912f8f-60cf-4b2f-85d6-197f5f881111', '2025-07-11T05:54:54.924228+00:00', '2025-07-11T05:54:54.924228+00:00');
INSERT INTO answers (id, text, is_correct, marks, comment, question_id, created_at, updated_at) VALUES ('5976f062-9c1f-4291-a3a2-f1753c35c07e', 'Strongly agree', NULL, '5', NULL, '9a0dc287-fb99-4679-862b-c3c9412e4414', '2025-07-11T08:45:49.460823+00:00', '2025-07-11T08:45:49.460823+00:00');
INSERT INTO answers (id, text, is_correct, marks, comment, question_id, created_at, updated_at) VALUES ('d5ddc614-1620-4fea-bd1b-efc426b670d5', 'Strongly disagree', NULL, '1', NULL, '9a0dc287-fb99-4679-862b-c3c9412e4414', '2025-07-11T08:45:49.460823+00:00', '2025-07-11T08:45:49.460823+00:00');
INSERT INTO answers (id, text, is_correct, marks, comment, question_id, created_at, updated_at) VALUES ('10be8aef-34dc-491a-b988-f0487e86680b', 'Neutral', NULL, '3', NULL, '9a0dc287-fb99-4679-862b-c3c9412e4414', '2025-07-11T08:45:49.460823+00:00', '2025-07-11T08:45:49.460823+00:00');
INSERT INTO answers (id, text, is_correct, marks, comment, question_id, created_at, updated_at) VALUES ('e2d1512b-d843-450b-a6a1-3e0c622f4c40', 'Agree', NULL, '4', NULL, '9a0dc287-fb99-4679-862b-c3c9412e4414', '2025-07-11T08:45:49.460823+00:00', '2025-07-11T08:45:49.460823+00:00');
INSERT INTO answers (id, text, is_correct, marks, comment, question_id, created_at, updated_at) VALUES ('905f9cfe-5403-4b36-8fcb-030b6d3ce9e0', 'Disagree', NULL, '2', NULL, '9a0dc287-fb99-4679-862b-c3c9412e4414', '2025-07-11T08:45:49.460823+00:00', '2025-07-11T08:45:49.460823+00:00');
INSERT INTO answers (id, text, is_correct, marks, comment, question_id, created_at, updated_at) VALUES ('e18a00fc-c092-476d-9850-947a9815ca7c', 'No', NULL, '0', NULL, '9d7b2206-a892-43ef-be5c-00b10839adae', '2025-07-11T06:07:09.71316+00:00', '2025-07-11T06:07:09.71316+00:00');
INSERT INTO answers (id, text, is_correct, marks, comment, question_id, created_at, updated_at) VALUES ('faf5e0e3-9bbc-4d3c-b41c-ff4d6c7492f1', 'Yes', NULL, '1', NULL, '9d7b2206-a892-43ef-be5c-00b10839adae', '2025-07-11T06:07:09.71316+00:00', '2025-07-11T06:07:09.71316+00:00');
INSERT INTO answers (id, text, is_correct, marks, comment, question_id, created_at, updated_at) VALUES ('8578dca1-0b2a-41a7-9641-8c8a375fd968', 'No', NULL, '0', NULL, '9f253d01-0c3b-4c35-83f1-11e9a92f5f68', '2025-07-11T06:07:16.076165+00:00', '2025-07-11T06:07:16.076165+00:00');
INSERT INTO answers (id, text, is_correct, marks, comment, question_id, created_at, updated_at) VALUES ('ae7d5d99-3f49-4c37-aec3-7548104b7ee1', 'Yes', NULL, '1', NULL, '9f253d01-0c3b-4c35-83f1-11e9a92f5f68', '2025-07-11T06:07:16.076165+00:00', '2025-07-11T06:07:16.076165+00:00');
INSERT INTO answers (id, text, is_correct, marks, comment, question_id, created_at, updated_at) VALUES ('a995f7c3-1e0c-45b3-9667-e2d68001c865', '4 - Agree', NULL, '4', NULL, 'a06ac0e8-0d63-4b1f-89f8-de412a60005f', '2025-07-11T05:54:57.277336+00:00', '2025-07-11T05:54:57.277336+00:00');
INSERT INTO answers (id, text, is_correct, marks, comment, question_id, created_at, updated_at) VALUES ('a32e189f-cd8d-46d2-9dd6-05f6e7a8842d', '3 - Neutral', NULL, '3', NULL, 'a06ac0e8-0d63-4b1f-89f8-de412a60005f', '2025-07-11T05:54:57.277336+00:00', '2025-07-11T05:54:57.277336+00:00');
INSERT INTO answers (id, text, is_correct, marks, comment, question_id, created_at, updated_at) VALUES ('b7b2e8df-4908-4270-bd95-b7d8f21fb310', '1 - Strongly Disagree', NULL, '1', NULL, 'a06ac0e8-0d63-4b1f-89f8-de412a60005f', '2025-07-11T05:54:57.277336+00:00', '2025-07-11T05:54:57.277336+00:00');
INSERT INTO answers (id, text, is_correct, marks, comment, question_id, created_at, updated_at) VALUES ('e9d613f0-9ea4-4d34-b471-9d89a1786370', '5 - Strongly Agree', NULL, '5', NULL, 'a06ac0e8-0d63-4b1f-89f8-de412a60005f', '2025-07-11T05:54:57.277336+00:00', '2025-07-11T05:54:57.277336+00:00');
INSERT INTO answers (id, text, is_correct, marks, comment, question_id, created_at, updated_at) VALUES ('627eaa4a-e465-44ca-8de8-d924e4fcebd6', '2 - Disagree', NULL, '2', NULL, 'a06ac0e8-0d63-4b1f-89f8-de412a60005f', '2025-07-11T05:54:57.277336+00:00', '2025-07-11T05:54:57.277336+00:00');
INSERT INTO answers (id, text, is_correct, marks, comment, question_id, created_at, updated_at) VALUES ('5fab0c47-2c8c-4322-b015-43f94df7339d', 'Annually', NULL, '2', NULL, 'a4bd2121-f5e6-4db4-9194-b4de389b5d0a', '2025-07-11T08:45:50.69957+00:00', '2025-07-11T08:45:50.69957+00:00');
INSERT INTO answers (id, text, is_correct, marks, comment, question_id, created_at, updated_at) VALUES ('0e04f8b6-e170-4565-ae36-18c65882eb93', 'Never', NULL, '1', NULL, 'a4bd2121-f5e6-4db4-9194-b4de389b5d0a', '2025-07-11T08:45:50.69957+00:00', '2025-07-11T08:45:50.69957+00:00');
INSERT INTO answers (id, text, is_correct, marks, comment, question_id, created_at, updated_at) VALUES ('2d095664-8a98-4a2c-b837-c52182c4512d', 'Quarterly', NULL, '3', NULL, 'a4bd2121-f5e6-4db4-9194-b4de389b5d0a', '2025-07-11T08:45:50.69957+00:00', '2025-07-11T08:45:50.69957+00:00');
INSERT INTO answers (id, text, is_correct, marks, comment, question_id, created_at, updated_at) VALUES ('115ce855-1f49-462e-bdb7-c765d5230055', 'Monthly', NULL, '4', NULL, 'a4bd2121-f5e6-4db4-9194-b4de389b5d0a', '2025-07-11T08:45:50.69957+00:00', '2025-07-11T08:45:50.69957+00:00');
INSERT INTO answers (id, text, is_correct, marks, comment, question_id, created_at, updated_at) VALUES ('b6f6b864-491e-4483-b8fa-63de47f77748', 'With every major change', NULL, '5', NULL, 'a4bd2121-f5e6-4db4-9194-b4de389b5d0a', '2025-07-11T08:45:50.69957+00:00', '2025-07-11T08:45:50.69957+00:00');
INSERT INTO answers (id, text, is_correct, marks, comment, question_id, created_at, updated_at) VALUES ('9c378700-578b-4147-8f3b-8ba71d337aae', '4 - Agree', NULL, '4', NULL, 'a5d02704-966e-48e5-8550-b82e8421f286', '2025-07-11T05:54:54.489746+00:00', '2025-07-11T05:54:54.489746+00:00');
INSERT INTO answers (id, text, is_correct, marks, comment, question_id, created_at, updated_at) VALUES ('25cbacd2-f4f1-4126-98b8-37f7a22c35f0', '5 - Strongly Agree', NULL, '5', NULL, 'a5d02704-966e-48e5-8550-b82e8421f286', '2025-07-11T05:54:54.489746+00:00', '2025-07-11T05:54:54.489746+00:00');
INSERT INTO answers (id, text, is_correct, marks, comment, question_id, created_at, updated_at) VALUES ('5c7d126f-1360-4bc4-99d3-06230c4bfcef', '3 - Neutral', NULL, '3', NULL, 'a5d02704-966e-48e5-8550-b82e8421f286', '2025-07-11T05:54:54.489746+00:00', '2025-07-11T05:54:54.489746+00:00');
INSERT INTO answers (id, text, is_correct, marks, comment, question_id, created_at, updated_at) VALUES ('5ff734a6-88c7-4cf6-a1fa-142871d1b7b9', '1 - Strongly Disagree', NULL, '1', NULL, 'a5d02704-966e-48e5-8550-b82e8421f286', '2025-07-11T05:54:54.489746+00:00', '2025-07-11T05:54:54.489746+00:00');
INSERT INTO answers (id, text, is_correct, marks, comment, question_id, created_at, updated_at) VALUES ('002cc6d6-bc63-4c2e-8b25-6fd1e3f633b1', '2 - Disagree', NULL, '2', NULL, 'a5d02704-966e-48e5-8550-b82e8421f286', '2025-07-11T05:54:54.489746+00:00', '2025-07-11T05:54:54.489746+00:00');
INSERT INTO answers (id, text, is_correct, marks, comment, question_id, created_at, updated_at) VALUES ('7d420d62-ff57-41b0-90f7-c7833309e24c', 'No', NULL, '0', NULL, 'a87680b7-9f29-472e-b02d-68e5290d1897', '2025-07-11T06:07:12.638491+00:00', '2025-07-11T06:07:12.638491+00:00');
INSERT INTO answers (id, text, is_correct, marks, comment, question_id, created_at, updated_at) VALUES ('5b8b3374-e14e-4dd6-8e9d-f7c2dad1289d', 'Yes', NULL, '1', NULL, 'a87680b7-9f29-472e-b02d-68e5290d1897', '2025-07-11T06:07:12.638491+00:00', '2025-07-11T06:07:12.638491+00:00');
INSERT INTO answers (id, text, is_correct, marks, comment, question_id, created_at, updated_at) VALUES ('64cfd0f1-4073-4382-82d9-2d6b2c7d4fbe', '5 - Strongly Agree', NULL, '5', NULL, 'aa8cb043-3471-4287-b927-ba5f7cfad6f9', '2025-07-11T05:54:55.466481+00:00', '2025-07-11T05:54:55.466481+00:00');
INSERT INTO answers (id, text, is_correct, marks, comment, question_id, created_at, updated_at) VALUES ('0d099dc3-c672-48ca-b9ae-d2ed64c972b4', '4 - Agree', NULL, '4', NULL, 'aa8cb043-3471-4287-b927-ba5f7cfad6f9', '2025-07-11T05:54:55.466481+00:00', '2025-07-11T05:54:55.466481+00:00');
INSERT INTO answers (id, text, is_correct, marks, comment, question_id, created_at, updated_at) VALUES ('dff1e65d-e24f-4d4a-901d-8cc1f86851c3', '3 - Neutral', NULL, '3', NULL, 'aa8cb043-3471-4287-b927-ba5f7cfad6f9', '2025-07-11T05:54:55.466481+00:00', '2025-07-11T05:54:55.466481+00:00');
INSERT INTO answers (id, text, is_correct, marks, comment, question_id, created_at, updated_at) VALUES ('6806b31d-9ba6-4a3d-b7bc-18862d76d2a6', '2 - Disagree', NULL, '2', NULL, 'aa8cb043-3471-4287-b927-ba5f7cfad6f9', '2025-07-11T05:54:55.466481+00:00', '2025-07-11T05:54:55.466481+00:00');
INSERT INTO answers (id, text, is_correct, marks, comment, question_id, created_at, updated_at) VALUES ('761240e8-48e9-4aea-86e1-4f6ca7d9ca38', '1 - Strongly Disagree', NULL, '1', NULL, 'aa8cb043-3471-4287-b927-ba5f7cfad6f9', '2025-07-11T05:54:55.466481+00:00', '2025-07-11T05:54:55.466481+00:00');
INSERT INTO answers (id, text, is_correct, marks, comment, question_id, created_at, updated_at) VALUES ('798736ba-ece2-4090-b308-6c2c9963d8b1', '1 - Strongly Disagree', NULL, '1', NULL, 'adb38226-417c-4653-824e-9992b3630190', '2025-07-11T05:54:47.821531+00:00', '2025-07-11T05:54:47.821531+00:00');
INSERT INTO answers (id, text, is_correct, marks, comment, question_id, created_at, updated_at) VALUES ('6fef0458-1d90-48f4-91d6-4ec4a3508b90', '5 - Strongly Agree', NULL, '5', NULL, 'adb38226-417c-4653-824e-9992b3630190', '2025-07-11T05:54:47.821531+00:00', '2025-07-11T05:54:47.821531+00:00');
INSERT INTO answers (id, text, is_correct, marks, comment, question_id, created_at, updated_at) VALUES ('b68d7078-cd15-4cda-8563-3a202606a642', '4 - Agree', NULL, '4', NULL, 'adb38226-417c-4653-824e-9992b3630190', '2025-07-11T05:54:47.821531+00:00', '2025-07-11T05:54:47.821531+00:00');
INSERT INTO answers (id, text, is_correct, marks, comment, question_id, created_at, updated_at) VALUES ('9595f41c-970f-4ff2-9ef2-82d1c6beedeb', '3 - Neutral', NULL, '3', NULL, 'adb38226-417c-4653-824e-9992b3630190', '2025-07-11T05:54:47.821531+00:00', '2025-07-11T05:54:47.821531+00:00');
INSERT INTO answers (id, text, is_correct, marks, comment, question_id, created_at, updated_at) VALUES ('deeae7c2-4413-430e-bee7-a3e2c9535cc2', '2 - Disagree', NULL, '2', NULL, 'adb38226-417c-4653-824e-9992b3630190', '2025-07-11T05:54:47.821531+00:00', '2025-07-11T05:54:47.821531+00:00');
INSERT INTO answers (id, text, is_correct, marks, comment, question_id, created_at, updated_at) VALUES ('e34dc51a-b529-447e-a19a-1da093cf4b1a', 'Agree', NULL, '4', NULL, 'af8131f2-0279-45a8-8d47-fcdb1a8f60ca', '2025-07-11T08:45:44.768013+00:00', '2025-07-11T08:45:44.768013+00:00');
INSERT INTO answers (id, text, is_correct, marks, comment, question_id, created_at, updated_at) VALUES ('4dab15e0-f69c-4b14-83d9-f39ecb8b118e', 'Strongly disagree', NULL, '1', NULL, 'af8131f2-0279-45a8-8d47-fcdb1a8f60ca', '2025-07-11T08:45:44.768013+00:00', '2025-07-11T08:45:44.768013+00:00');
INSERT INTO answers (id, text, is_correct, marks, comment, question_id, created_at, updated_at) VALUES ('b2b7e759-7547-4680-9b92-aa39e89e699d', 'Disagree', NULL, '2', NULL, 'af8131f2-0279-45a8-8d47-fcdb1a8f60ca', '2025-07-11T08:45:44.768013+00:00', '2025-07-11T08:45:44.768013+00:00');
INSERT INTO answers (id, text, is_correct, marks, comment, question_id, created_at, updated_at) VALUES ('f9520414-4269-4647-a56a-b63817973cdc', 'Neutral', NULL, '3', NULL, 'af8131f2-0279-45a8-8d47-fcdb1a8f60ca', '2025-07-11T08:45:44.768013+00:00', '2025-07-11T08:45:44.768013+00:00');
INSERT INTO answers (id, text, is_correct, marks, comment, question_id, created_at, updated_at) VALUES ('ecd87eef-9a93-430d-9cf2-6e67fa8a9667', 'Strongly agree', NULL, '5', NULL, 'af8131f2-0279-45a8-8d47-fcdb1a8f60ca', '2025-07-11T08:45:44.768013+00:00', '2025-07-11T08:45:44.768013+00:00');
INSERT INTO answers (id, text, is_correct, marks, comment, question_id, created_at, updated_at) VALUES ('f0090b2f-7d28-4d1e-bef9-0d72798353fb', 'No', NULL, '0', NULL, 'b180ca28-3626-433d-8c24-6739407a11ce', '2025-07-11T06:07:10.084275+00:00', '2025-07-11T06:07:10.084275+00:00');
INSERT INTO answers (id, text, is_correct, marks, comment, question_id, created_at, updated_at) VALUES ('b6ef83fe-6b32-4d76-8155-5204d2e5966f', 'Yes', NULL, '1', NULL, 'b180ca28-3626-433d-8c24-6739407a11ce', '2025-07-11T06:07:10.084275+00:00', '2025-07-11T06:07:10.084275+00:00');
INSERT INTO answers (id, text, is_correct, marks, comment, question_id, created_at, updated_at) VALUES ('33bc0a29-ff2c-4add-ae7c-ad5ee2466a23', 'No', NULL, '0', NULL, 'b63a2163-d5b1-466f-bb95-95ba41c7f0bb', '2025-07-11T06:07:16.492406+00:00', '2025-07-11T06:07:16.492406+00:00');
INSERT INTO answers (id, text, is_correct, marks, comment, question_id, created_at, updated_at) VALUES ('f33d1126-e42f-4362-8526-e0b644c3d455', 'Yes', NULL, '1', NULL, 'b63a2163-d5b1-466f-bb95-95ba41c7f0bb', '2025-07-11T06:07:16.492406+00:00', '2025-07-11T06:07:16.492406+00:00');
INSERT INTO answers (id, text, is_correct, marks, comment, question_id, created_at, updated_at) VALUES ('38babeed-e3eb-45b7-9791-8d9bf3c5bb70', 'No', NULL, '0', NULL, 'ba9a20f2-e99f-4bc8-924b-c055e9014686', '2025-07-11T06:07:10.335877+00:00', '2025-07-11T06:07:10.335877+00:00');
INSERT INTO answers (id, text, is_correct, marks, comment, question_id, created_at, updated_at) VALUES ('ba82fc11-2d45-4e14-9569-c54999125dca', 'Yes', NULL, '1', NULL, 'ba9a20f2-e99f-4bc8-924b-c055e9014686', '2025-07-11T06:07:10.335877+00:00', '2025-07-11T06:07:10.335877+00:00');
INSERT INTO answers (id, text, is_correct, marks, comment, question_id, created_at, updated_at) VALUES ('07318161-c71d-45fa-bd99-19188c38c313', 'Strongly agree', NULL, '5', NULL, 'bb4b36a6-5439-4f40-8c33-d66ee8696d15', '2025-07-11T08:45:44.966097+00:00', '2025-07-11T08:45:44.966097+00:00');
INSERT INTO answers (id, text, is_correct, marks, comment, question_id, created_at, updated_at) VALUES ('90ac0eef-75f2-41b3-a54b-3ebd417a15cd', 'Agree', NULL, '4', NULL, 'bb4b36a6-5439-4f40-8c33-d66ee8696d15', '2025-07-11T08:45:44.966097+00:00', '2025-07-11T08:45:44.966097+00:00');
INSERT INTO answers (id, text, is_correct, marks, comment, question_id, created_at, updated_at) VALUES ('d1b9fb66-c836-4969-8e16-30e7974cf61c', 'Neutral', NULL, '3', NULL, 'bb4b36a6-5439-4f40-8c33-d66ee8696d15', '2025-07-11T08:45:44.966097+00:00', '2025-07-11T08:45:44.966097+00:00');
INSERT INTO answers (id, text, is_correct, marks, comment, question_id, created_at, updated_at) VALUES ('1f862f82-03a3-40ee-89a2-0c672089265b', 'Disagree', NULL, '2', NULL, 'bb4b36a6-5439-4f40-8c33-d66ee8696d15', '2025-07-11T08:45:44.966097+00:00', '2025-07-11T08:45:44.966097+00:00');
INSERT INTO answers (id, text, is_correct, marks, comment, question_id, created_at, updated_at) VALUES ('b87c1705-e307-4441-baa4-1fd578a0f7f0', 'Strongly disagree', NULL, '1', NULL, 'bb4b36a6-5439-4f40-8c33-d66ee8696d15', '2025-07-11T08:45:44.966097+00:00', '2025-07-11T08:45:44.966097+00:00');
INSERT INTO answers (id, text, is_correct, marks, comment, question_id, created_at, updated_at) VALUES ('cb55e2f9-1a76-4f56-90fb-87103b536285', 'Strongly disagree', NULL, '1', NULL, 'bf1b858a-81ef-40aa-8e59-85d6e9812908', '2025-07-11T08:45:47.078184+00:00', '2025-07-11T08:45:47.078184+00:00');
INSERT INTO answers (id, text, is_correct, marks, comment, question_id, created_at, updated_at) VALUES ('f0fb67bd-ca17-4166-986d-1f3158abc21a', 'Strongly agree', NULL, '5', NULL, 'bf1b858a-81ef-40aa-8e59-85d6e9812908', '2025-07-11T08:45:47.078184+00:00', '2025-07-11T08:45:47.078184+00:00');
INSERT INTO answers (id, text, is_correct, marks, comment, question_id, created_at, updated_at) VALUES ('6e1416ad-0794-4654-989e-6113245a990b', 'Agree', NULL, '4', NULL, 'bf1b858a-81ef-40aa-8e59-85d6e9812908', '2025-07-11T08:45:47.078184+00:00', '2025-07-11T08:45:47.078184+00:00');
INSERT INTO answers (id, text, is_correct, marks, comment, question_id, created_at, updated_at) VALUES ('edfc4dc1-6e52-4110-ac8c-54b24a1b74b3', 'Neutral', NULL, '3', NULL, 'bf1b858a-81ef-40aa-8e59-85d6e9812908', '2025-07-11T08:45:47.078184+00:00', '2025-07-11T08:45:47.078184+00:00');
INSERT INTO answers (id, text, is_correct, marks, comment, question_id, created_at, updated_at) VALUES ('d1c56aae-fa1a-4810-a159-e121c5bd5cd5', 'Disagree', NULL, '2', NULL, 'bf1b858a-81ef-40aa-8e59-85d6e9812908', '2025-07-11T08:45:47.078184+00:00', '2025-07-11T08:45:47.078184+00:00');
INSERT INTO answers (id, text, is_correct, marks, comment, question_id, created_at, updated_at) VALUES ('4a37df3b-2dc1-477d-ba05-02ec034c032d', 'Free text answer', NULL, '5', 'just for test question added', 'c0630c07-0e47-42b3-8cf5-259592357dfc', '2025-03-03T16:02:28.677755+00:00', '2025-03-03T16:02:28.677755+00:00');
INSERT INTO answers (id, text, is_correct, marks, comment, question_id, created_at, updated_at) VALUES ('4a9e9566-f423-4e54-8a0e-c546ed846dfd', 'Never', NULL, '1', NULL, 'c32ff803-8b2e-4eb5-bc38-3ccbec5e50fc', '2025-07-11T08:45:46.078726+00:00', '2025-07-11T08:45:46.078726+00:00');
INSERT INTO answers (id, text, is_correct, marks, comment, question_id, created_at, updated_at) VALUES ('ac4b49b0-5cde-49c9-be30-214dad050c98', 'Annually', NULL, '2', NULL, 'c32ff803-8b2e-4eb5-bc38-3ccbec5e50fc', '2025-07-11T08:45:46.078726+00:00', '2025-07-11T08:45:46.078726+00:00');
INSERT INTO answers (id, text, is_correct, marks, comment, question_id, created_at, updated_at) VALUES ('4b879bc2-57a2-4e7c-9831-370195ec7f1e', 'Quarterly', NULL, '3', NULL, 'c32ff803-8b2e-4eb5-bc38-3ccbec5e50fc', '2025-07-11T08:45:46.078726+00:00', '2025-07-11T08:45:46.078726+00:00');
INSERT INTO answers (id, text, is_correct, marks, comment, question_id, created_at, updated_at) VALUES ('6e89762b-5786-4a69-84de-ae8dfaa852e6', 'Monthly', NULL, '4', NULL, 'c32ff803-8b2e-4eb5-bc38-3ccbec5e50fc', '2025-07-11T08:45:46.078726+00:00', '2025-07-11T08:45:46.078726+00:00');
INSERT INTO answers (id, text, is_correct, marks, comment, question_id, created_at, updated_at) VALUES ('93241eea-42ac-4b8a-9ed1-50ac45c671b8', 'Every change', NULL, '5', NULL, 'c32ff803-8b2e-4eb5-bc38-3ccbec5e50fc', '2025-07-11T08:45:46.078726+00:00', '2025-07-11T08:45:46.078726+00:00');
INSERT INTO answers (id, text, is_correct, marks, comment, question_id, created_at, updated_at) VALUES ('4af8cb9a-e726-449b-91d4-a940508b7fd8', '3 - Neutral', NULL, '3', NULL, 'c5900f83-d1a0-4747-b218-26fb74bee78b', '2025-07-11T05:54:49.75761+00:00', '2025-07-11T05:54:49.75761+00:00');
INSERT INTO answers (id, text, is_correct, marks, comment, question_id, created_at, updated_at) VALUES ('70df9f01-55a9-4992-8b78-c57bf0a66b41', '1 - Strongly Disagree', NULL, '1', NULL, 'c5900f83-d1a0-4747-b218-26fb74bee78b', '2025-07-11T05:54:49.75761+00:00', '2025-07-11T05:54:49.75761+00:00');
INSERT INTO answers (id, text, is_correct, marks, comment, question_id, created_at, updated_at) VALUES ('878d9a8f-0989-4dbf-b816-40f38ec193bd', '5 - Strongly Agree', NULL, '5', NULL, 'c5900f83-d1a0-4747-b218-26fb74bee78b', '2025-07-11T05:54:49.75761+00:00', '2025-07-11T05:54:49.75761+00:00');
INSERT INTO answers (id, text, is_correct, marks, comment, question_id, created_at, updated_at) VALUES ('fc1573f5-6cd1-436f-a653-7d7c6258db44', '2 - Disagree', NULL, '2', NULL, 'c5900f83-d1a0-4747-b218-26fb74bee78b', '2025-07-11T05:54:49.75761+00:00', '2025-07-11T05:54:49.75761+00:00');
INSERT INTO answers (id, text, is_correct, marks, comment, question_id, created_at, updated_at) VALUES ('f51d35fa-3045-4669-b99e-f328fe3cffef', '4 - Agree', NULL, '4', NULL, 'c5900f83-d1a0-4747-b218-26fb74bee78b', '2025-07-11T05:54:49.75761+00:00', '2025-07-11T05:54:49.75761+00:00');
INSERT INTO answers (id, text, is_correct, marks, comment, question_id, created_at, updated_at) VALUES ('34f44bfe-f93c-435d-aceb-682fb7c65fc2', '2 - Disagree', NULL, '2', NULL, 'c69d62ab-ddbd-4354-8af2-0086cbdcbcd6', '2025-07-11T05:54:50.677233+00:00', '2025-07-11T05:54:50.677233+00:00');
INSERT INTO answers (id, text, is_correct, marks, comment, question_id, created_at, updated_at) VALUES ('7e5937dc-3a52-4812-85ab-f5b153f93d3d', '3 - Neutral', NULL, '3', NULL, 'c69d62ab-ddbd-4354-8af2-0086cbdcbcd6', '2025-07-11T05:54:50.677233+00:00', '2025-07-11T05:54:50.677233+00:00');
INSERT INTO answers (id, text, is_correct, marks, comment, question_id, created_at, updated_at) VALUES ('3ec18e72-62e5-4a17-a7e3-25ee253d5011', '4 - Agree', NULL, '4', NULL, 'c69d62ab-ddbd-4354-8af2-0086cbdcbcd6', '2025-07-11T05:54:50.677233+00:00', '2025-07-11T05:54:50.677233+00:00');
INSERT INTO answers (id, text, is_correct, marks, comment, question_id, created_at, updated_at) VALUES ('0512c5e8-a8ee-4811-ab77-e3abe6fce39e', '5 - Strongly Agree', NULL, '5', NULL, 'c69d62ab-ddbd-4354-8af2-0086cbdcbcd6', '2025-07-11T05:54:50.677233+00:00', '2025-07-11T05:54:50.677233+00:00');
INSERT INTO answers (id, text, is_correct, marks, comment, question_id, created_at, updated_at) VALUES ('4b7963d1-8cca-415e-96de-83a35dac3819', '1 - Strongly Disagree', NULL, '1', NULL, 'c69d62ab-ddbd-4354-8af2-0086cbdcbcd6', '2025-07-11T05:54:50.677233+00:00', '2025-07-11T05:54:50.677233+00:00');
INSERT INTO answers (id, text, is_correct, marks, comment, question_id, created_at, updated_at) VALUES ('f12cc7ba-051e-4c27-8736-2673c17d9756', '5 - Strongly Agree', NULL, '5', NULL, 'c6a20a53-5fd6-432e-ac7d-43a5aca62cd6', '2025-07-11T05:54:51.442387+00:00', '2025-07-11T05:54:51.442387+00:00');
INSERT INTO answers (id, text, is_correct, marks, comment, question_id, created_at, updated_at) VALUES ('08d8f1b2-88b9-4944-abc6-a85fc1d2dd48', '3 - Neutral', NULL, '3', NULL, 'c6a20a53-5fd6-432e-ac7d-43a5aca62cd6', '2025-07-11T05:54:51.442387+00:00', '2025-07-11T05:54:51.442387+00:00');
INSERT INTO answers (id, text, is_correct, marks, comment, question_id, created_at, updated_at) VALUES ('bfa29d6d-77a2-4cf0-984c-339b191dba6a', '2 - Disagree', NULL, '2', NULL, 'c6a20a53-5fd6-432e-ac7d-43a5aca62cd6', '2025-07-11T05:54:51.442387+00:00', '2025-07-11T05:54:51.442387+00:00');
INSERT INTO answers (id, text, is_correct, marks, comment, question_id, created_at, updated_at) VALUES ('b8319500-8747-44ae-91fd-0a321e8991bc', '1 - Strongly Disagree', NULL, '1', NULL, 'c6a20a53-5fd6-432e-ac7d-43a5aca62cd6', '2025-07-11T05:54:51.442387+00:00', '2025-07-11T05:54:51.442387+00:00');
INSERT INTO answers (id, text, is_correct, marks, comment, question_id, created_at, updated_at) VALUES ('c8146885-84e1-4532-8cdd-42e7ce3ef85a', '4 - Agree', NULL, '4', NULL, 'c6a20a53-5fd6-432e-ac7d-43a5aca62cd6', '2025-07-11T05:54:51.442387+00:00', '2025-07-11T05:54:51.442387+00:00');
INSERT INTO answers (id, text, is_correct, marks, comment, question_id, created_at, updated_at) VALUES ('950567f1-6410-482c-bf93-d5c014192cec', 'Agree', NULL, '4', NULL, 'c6d44596-ef33-43a1-90f2-4e01fffde09e', '2025-07-11T08:45:49.864877+00:00', '2025-07-11T08:45:49.864877+00:00');
INSERT INTO answers (id, text, is_correct, marks, comment, question_id, created_at, updated_at) VALUES ('2e416c78-b4f6-4b96-95ac-5b40716a00f9', 'Strongly agree', NULL, '5', NULL, 'c6d44596-ef33-43a1-90f2-4e01fffde09e', '2025-07-11T08:45:49.864877+00:00', '2025-07-11T08:45:49.864877+00:00');
INSERT INTO answers (id, text, is_correct, marks, comment, question_id, created_at, updated_at) VALUES ('87c94ef8-44ca-495c-8860-51da5c5c9ea9', 'Neutral', NULL, '3', NULL, 'c6d44596-ef33-43a1-90f2-4e01fffde09e', '2025-07-11T08:45:49.864877+00:00', '2025-07-11T08:45:49.864877+00:00');
INSERT INTO answers (id, text, is_correct, marks, comment, question_id, created_at, updated_at) VALUES ('7909d6fa-155b-4179-bd8f-ea75072b4a37', 'Disagree', NULL, '2', NULL, 'c6d44596-ef33-43a1-90f2-4e01fffde09e', '2025-07-11T08:45:49.864877+00:00', '2025-07-11T08:45:49.864877+00:00');
INSERT INTO answers (id, text, is_correct, marks, comment, question_id, created_at, updated_at) VALUES ('d962435c-4913-488d-9d24-cda49a25d8c9', 'Strongly disagree', NULL, '1', NULL, 'c6d44596-ef33-43a1-90f2-4e01fffde09e', '2025-07-11T08:45:49.864877+00:00', '2025-07-11T08:45:49.864877+00:00');
INSERT INTO answers (id, text, is_correct, marks, comment, question_id, created_at, updated_at) VALUES ('7b957d0b-73ad-4049-8d8d-f5aff600256d', 'Yes', NULL, '1', NULL, 'cb7f5b17-e28e-48c0-9c03-5f9ca50bddba', '2025-07-11T06:07:13.229614+00:00', '2025-07-11T06:07:13.229614+00:00');
INSERT INTO answers (id, text, is_correct, marks, comment, question_id, created_at, updated_at) VALUES ('fda7e24b-480a-4d09-b974-e5149612336f', 'No', NULL, '0', NULL, 'cb7f5b17-e28e-48c0-9c03-5f9ca50bddba', '2025-07-11T06:07:13.229614+00:00', '2025-07-11T06:07:13.229614+00:00');
INSERT INTO answers (id, text, is_correct, marks, comment, question_id, created_at, updated_at) VALUES ('f55d960b-1f7b-4aa8-a308-297eb3417874', 'Neutral', NULL, '3', NULL, 'cdbc2b31-ea30-4289-8f87-97a49314b677', '2025-07-11T08:45:47.28862+00:00', '2025-07-11T08:45:47.28862+00:00');
INSERT INTO answers (id, text, is_correct, marks, comment, question_id, created_at, updated_at) VALUES ('68ee269d-da79-48ba-880f-e201a54d4d55', 'Strongly agree', NULL, '5', NULL, 'cdbc2b31-ea30-4289-8f87-97a49314b677', '2025-07-11T08:45:47.28862+00:00', '2025-07-11T08:45:47.28862+00:00');
INSERT INTO answers (id, text, is_correct, marks, comment, question_id, created_at, updated_at) VALUES ('c546b23d-f001-4da2-94b6-821823c7af69', 'Strongly disagree', NULL, '1', NULL, 'cdbc2b31-ea30-4289-8f87-97a49314b677', '2025-07-11T08:45:47.28862+00:00', '2025-07-11T08:45:47.28862+00:00');
INSERT INTO answers (id, text, is_correct, marks, comment, question_id, created_at, updated_at) VALUES ('aeafdee6-1bf7-4033-8851-39b432805198', 'Disagree', NULL, '2', NULL, 'cdbc2b31-ea30-4289-8f87-97a49314b677', '2025-07-11T08:45:47.28862+00:00', '2025-07-11T08:45:47.28862+00:00');
INSERT INTO answers (id, text, is_correct, marks, comment, question_id, created_at, updated_at) VALUES ('6eb50131-991b-47c0-9dbe-fc250a9f1c32', 'Agree', NULL, '4', NULL, 'cdbc2b31-ea30-4289-8f87-97a49314b677', '2025-07-11T08:45:47.28862+00:00', '2025-07-11T08:45:47.28862+00:00');
INSERT INTO answers (id, text, is_correct, marks, comment, question_id, created_at, updated_at) VALUES ('9029b9c6-426c-4a37-ad12-a1e8dd960889', 'No', NULL, '0', NULL, 'd05b2407-95e3-4b3d-98e2-a051d3bba093', '2025-07-11T06:07:16.930072+00:00', '2025-07-11T06:07:16.930072+00:00');
INSERT INTO answers (id, text, is_correct, marks, comment, question_id, created_at, updated_at) VALUES ('8d6d1564-81c6-440e-b9d6-ad0deab4d077', 'Yes', NULL, '1', NULL, 'd05b2407-95e3-4b3d-98e2-a051d3bba093', '2025-07-11T06:07:16.930072+00:00', '2025-07-11T06:07:16.930072+00:00');
INSERT INTO answers (id, text, is_correct, marks, comment, question_id, created_at, updated_at) VALUES ('e4cc5f5b-7016-4011-8c00-211aca93cee3', '1 - Strongly Disagree', NULL, '1', NULL, 'd06e816a-172c-4a67-b908-c80940412411', '2025-07-11T05:54:56.100685+00:00', '2025-07-11T05:54:56.100685+00:00');
INSERT INTO answers (id, text, is_correct, marks, comment, question_id, created_at, updated_at) VALUES ('1c679602-742b-4c6a-a381-ad1c1f1b494c', '3 - Neutral', NULL, '3', NULL, 'd06e816a-172c-4a67-b908-c80940412411', '2025-07-11T05:54:56.100685+00:00', '2025-07-11T05:54:56.100685+00:00');
INSERT INTO answers (id, text, is_correct, marks, comment, question_id, created_at, updated_at) VALUES ('a772fe4c-c447-4a2b-9a21-808e97f1104c', '4 - Agree', NULL, '4', NULL, 'd06e816a-172c-4a67-b908-c80940412411', '2025-07-11T05:54:56.100685+00:00', '2025-07-11T05:54:56.100685+00:00');
INSERT INTO answers (id, text, is_correct, marks, comment, question_id, created_at, updated_at) VALUES ('1f78b8aa-5091-4c7a-8da8-581483e8a515', '5 - Strongly Agree', NULL, '5', NULL, 'd06e816a-172c-4a67-b908-c80940412411', '2025-07-11T05:54:56.100685+00:00', '2025-07-11T05:54:56.100685+00:00');
INSERT INTO answers (id, text, is_correct, marks, comment, question_id, created_at, updated_at) VALUES ('aea17665-20ee-406e-b928-4d0d97116553', '2 - Disagree', NULL, '2', NULL, 'd06e816a-172c-4a67-b908-c80940412411', '2025-07-11T05:54:56.100685+00:00', '2025-07-11T05:54:56.100685+00:00');
INSERT INTO answers (id, text, is_correct, marks, comment, question_id, created_at, updated_at) VALUES ('66374a02-35d1-4049-80c1-e2849e9d2215', '5 - Strongly Agree', NULL, '5', NULL, 'd24df0ae-2894-4a22-b793-3cd1ee28594f', '2025-07-11T05:54:56.414435+00:00', '2025-07-11T05:54:56.414435+00:00');
INSERT INTO answers (id, text, is_correct, marks, comment, question_id, created_at, updated_at) VALUES ('bc2887a1-ddef-4bed-a517-079fc8b80957', '3 - Neutral', NULL, '3', NULL, 'd24df0ae-2894-4a22-b793-3cd1ee28594f', '2025-07-11T05:54:56.414435+00:00', '2025-07-11T05:54:56.414435+00:00');
INSERT INTO answers (id, text, is_correct, marks, comment, question_id, created_at, updated_at) VALUES ('60a74c21-fe5c-4331-ab4d-82fcfa643862', '2 - Disagree', NULL, '2', NULL, 'd24df0ae-2894-4a22-b793-3cd1ee28594f', '2025-07-11T05:54:56.414435+00:00', '2025-07-11T05:54:56.414435+00:00');
INSERT INTO answers (id, text, is_correct, marks, comment, question_id, created_at, updated_at) VALUES ('d7c7648c-eb1c-43ea-a24e-9fb1088d5ffd', '1 - Strongly Disagree', NULL, '1', NULL, 'd24df0ae-2894-4a22-b793-3cd1ee28594f', '2025-07-11T05:54:56.414435+00:00', '2025-07-11T05:54:56.414435+00:00');
INSERT INTO answers (id, text, is_correct, marks, comment, question_id, created_at, updated_at) VALUES ('9ca49ad0-8446-4a36-a1ec-417c0cabc89c', '4 - Agree', NULL, '4', NULL, 'd24df0ae-2894-4a22-b793-3cd1ee28594f', '2025-07-11T05:54:56.414435+00:00', '2025-07-11T05:54:56.414435+00:00');
INSERT INTO answers (id, text, is_correct, marks, comment, question_id, created_at, updated_at) VALUES ('26e0796d-3792-42c9-a153-574ff7093a47', '1 - Strongly Disagree', NULL, '1', NULL, 'd30b8a4d-3dfe-48ad-b2f6-66ff51fff9de', '2025-07-11T05:54:53.743368+00:00', '2025-07-11T05:54:53.743368+00:00');
INSERT INTO answers (id, text, is_correct, marks, comment, question_id, created_at, updated_at) VALUES ('0f660da1-4585-4167-b285-69a40c1c257d', '2 - Disagree', NULL, '2', NULL, 'd30b8a4d-3dfe-48ad-b2f6-66ff51fff9de', '2025-07-11T05:54:53.743368+00:00', '2025-07-11T05:54:53.743368+00:00');
INSERT INTO answers (id, text, is_correct, marks, comment, question_id, created_at, updated_at) VALUES ('184eba89-bcd9-4278-a4e5-4e0e67c44739', '3 - Neutral', NULL, '3', NULL, 'd30b8a4d-3dfe-48ad-b2f6-66ff51fff9de', '2025-07-11T05:54:53.743368+00:00', '2025-07-11T05:54:53.743368+00:00');
INSERT INTO answers (id, text, is_correct, marks, comment, question_id, created_at, updated_at) VALUES ('1bffa435-26c3-4f83-927a-c9f6b5b67461', '4 - Agree', NULL, '4', NULL, 'd30b8a4d-3dfe-48ad-b2f6-66ff51fff9de', '2025-07-11T05:54:53.743368+00:00', '2025-07-11T05:54:53.743368+00:00');
INSERT INTO answers (id, text, is_correct, marks, comment, question_id, created_at, updated_at) VALUES ('2d96bb1d-dfa5-4947-a584-f450d11736c4', '5 - Strongly Agree', NULL, '5', NULL, 'd30b8a4d-3dfe-48ad-b2f6-66ff51fff9de', '2025-07-11T05:54:53.743368+00:00', '2025-07-11T05:54:53.743368+00:00');
INSERT INTO answers (id, text, is_correct, marks, comment, question_id, created_at, updated_at) VALUES ('4c6ff891-6f96-4dc5-8d84-f37ab22e9af9', 'Strongly agree', NULL, '5', NULL, 'd3f960be-194f-439a-a172-11b483d81c84', '2025-07-11T08:45:50.918465+00:00', '2025-07-11T08:45:50.918465+00:00');
INSERT INTO answers (id, text, is_correct, marks, comment, question_id, created_at, updated_at) VALUES ('8ac89bcf-2e11-41c9-8f77-77f0082bdff5', 'Strongly disagree', NULL, '1', NULL, 'd3f960be-194f-439a-a172-11b483d81c84', '2025-07-11T08:45:50.918465+00:00', '2025-07-11T08:45:50.918465+00:00');
INSERT INTO answers (id, text, is_correct, marks, comment, question_id, created_at, updated_at) VALUES ('5f0d1d73-2b17-45f7-9c30-c8ea339c3ea4', 'Disagree', NULL, '2', NULL, 'd3f960be-194f-439a-a172-11b483d81c84', '2025-07-11T08:45:50.918465+00:00', '2025-07-11T08:45:50.918465+00:00');
INSERT INTO answers (id, text, is_correct, marks, comment, question_id, created_at, updated_at) VALUES ('552e3991-50be-41e9-bebd-ef9e4cfd04fc', 'Neutral', NULL, '3', NULL, 'd3f960be-194f-439a-a172-11b483d81c84', '2025-07-11T08:45:50.918465+00:00', '2025-07-11T08:45:50.918465+00:00');
INSERT INTO answers (id, text, is_correct, marks, comment, question_id, created_at, updated_at) VALUES ('29f3de4f-b157-4724-97a2-e8d6a3544445', 'Agree', NULL, '4', NULL, 'd3f960be-194f-439a-a172-11b483d81c84', '2025-07-11T08:45:50.918465+00:00', '2025-07-11T08:45:50.918465+00:00');
INSERT INTO answers (id, text, is_correct, marks, comment, question_id, created_at, updated_at) VALUES ('b7e5c88b-a32f-4cd8-a2b6-52d51494f0a7', 'Manual only', NULL, '2', NULL, 'd560b255-b7c5-47f4-bdfb-d73d49456fcf', '2025-07-11T08:45:49.668531+00:00', '2025-07-11T08:45:49.668531+00:00');
INSERT INTO answers (id, text, is_correct, marks, comment, question_id, created_at, updated_at) VALUES ('e769c15e-ca10-4dd6-a800-96c221c47198', 'Not supported', NULL, '1', NULL, 'd560b255-b7c5-47f4-bdfb-d73d49456fcf', '2025-07-11T08:45:49.668531+00:00', '2025-07-11T08:45:49.668531+00:00');
INSERT INTO answers (id, text, is_correct, marks, comment, question_id, created_at, updated_at) VALUES ('4fb0d1cd-d482-4ad7-a5dd-50b9ae201acf', 'Automated with downtime', NULL, '3', NULL, 'd560b255-b7c5-47f4-bdfb-d73d49456fcf', '2025-07-11T08:45:49.668531+00:00', '2025-07-11T08:45:49.668531+00:00');
INSERT INTO answers (id, text, is_correct, marks, comment, question_id, created_at, updated_at) VALUES ('f569ce6b-cc4d-44e0-b0ce-ce41246405be', 'Automated with minimal downtime', NULL, '4', NULL, 'd560b255-b7c5-47f4-bdfb-d73d49456fcf', '2025-07-11T08:45:49.668531+00:00', '2025-07-11T08:45:49.668531+00:00');
INSERT INTO answers (id, text, is_correct, marks, comment, question_id, created_at, updated_at) VALUES ('5db3519c-9457-4949-8e82-b24d8ae4f22e', 'Fully automated and seamless', NULL, '5', NULL, 'd560b255-b7c5-47f4-bdfb-d73d49456fcf', '2025-07-11T08:45:49.668531+00:00', '2025-07-11T08:45:49.668531+00:00');
INSERT INTO answers (id, text, is_correct, marks, comment, question_id, created_at, updated_at) VALUES ('6979ace3-1faa-4c92-9cbc-c7147312f395', 'No', NULL, '0', NULL, 'd685d417-1b8c-4829-827e-badb80553441', '2025-07-11T06:07:11.356483+00:00', '2025-07-11T06:07:11.356483+00:00');
INSERT INTO answers (id, text, is_correct, marks, comment, question_id, created_at, updated_at) VALUES ('2601dd2b-2f41-4f09-ab59-35e3d58b704b', 'Yes', NULL, '1', NULL, 'd685d417-1b8c-4829-827e-badb80553441', '2025-07-11T06:07:11.356483+00:00', '2025-07-11T06:07:11.356483+00:00');
INSERT INTO answers (id, text, is_correct, marks, comment, question_id, created_at, updated_at) VALUES ('ff279fdf-5436-4fd1-b399-5bfe24404292', 'Yes', NULL, '1', NULL, 'd82c50cf-638c-4776-8447-6f3c7e3dbdc5', '2025-07-11T06:07:15.686877+00:00', '2025-07-11T06:07:15.686877+00:00');
INSERT INTO answers (id, text, is_correct, marks, comment, question_id, created_at, updated_at) VALUES ('93c6f3d1-4846-4853-903c-10d409fe2489', 'No', NULL, '0', NULL, 'd82c50cf-638c-4776-8447-6f3c7e3dbdc5', '2025-07-11T06:07:15.686877+00:00', '2025-07-11T06:07:15.686877+00:00');
INSERT INTO answers (id, text, is_correct, marks, comment, question_id, created_at, updated_at) VALUES ('d90404fe-c407-48ad-af51-73eeb3ad87e8', 'Strongly agree', NULL, '5', NULL, 'db3c6e91-46ac-4816-928a-d59d6f26f420', '2025-07-11T08:45:48.319934+00:00', '2025-07-11T08:45:48.319934+00:00');
INSERT INTO answers (id, text, is_correct, marks, comment, question_id, created_at, updated_at) VALUES ('ac3b1ede-4984-4d63-b5b2-0cc67c2178b4', 'Strongly disagree', NULL, '1', NULL, 'db3c6e91-46ac-4816-928a-d59d6f26f420', '2025-07-11T08:45:48.319934+00:00', '2025-07-11T08:45:48.319934+00:00');
INSERT INTO answers (id, text, is_correct, marks, comment, question_id, created_at, updated_at) VALUES ('bd729514-acd3-4b83-a0b9-85a1014fbb79', 'Disagree', NULL, '2', NULL, 'db3c6e91-46ac-4816-928a-d59d6f26f420', '2025-07-11T08:45:48.319934+00:00', '2025-07-11T08:45:48.319934+00:00');
INSERT INTO answers (id, text, is_correct, marks, comment, question_id, created_at, updated_at) VALUES ('22b8181b-3b8a-4b99-9dcb-7dc7b3dcd9a0', 'Neutral', NULL, '3', NULL, 'db3c6e91-46ac-4816-928a-d59d6f26f420', '2025-07-11T08:45:48.319934+00:00', '2025-07-11T08:45:48.319934+00:00');
INSERT INTO answers (id, text, is_correct, marks, comment, question_id, created_at, updated_at) VALUES ('1b8cdec3-47b7-47b6-91cd-0e9d37c5431e', 'Agree', NULL, '4', NULL, 'db3c6e91-46ac-4816-928a-d59d6f26f420', '2025-07-11T08:45:48.319934+00:00', '2025-07-11T08:45:48.319934+00:00');
INSERT INTO answers (id, text, is_correct, marks, comment, question_id, created_at, updated_at) VALUES ('80f82e17-3ac3-4a1c-a260-b15ea8afc5d8', '3 - Neutral', NULL, '3', NULL, 'e4b53cc6-bd44-48a7-9fef-b5a739c6bccb', '2025-07-11T05:54:51.659809+00:00', '2025-07-11T05:54:51.659809+00:00');
INSERT INTO answers (id, text, is_correct, marks, comment, question_id, created_at, updated_at) VALUES ('f274a1aa-fd52-4595-8c32-edfd63c1e747', '1 - Strongly Disagree', NULL, '1', NULL, 'e4b53cc6-bd44-48a7-9fef-b5a739c6bccb', '2025-07-11T05:54:51.659809+00:00', '2025-07-11T05:54:51.659809+00:00');
INSERT INTO answers (id, text, is_correct, marks, comment, question_id, created_at, updated_at) VALUES ('6ff322e3-4bf5-4f50-b93f-c66907e559f7', '5 - Strongly Agree', NULL, '5', NULL, 'e4b53cc6-bd44-48a7-9fef-b5a739c6bccb', '2025-07-11T05:54:51.659809+00:00', '2025-07-11T05:54:51.659809+00:00');
INSERT INTO answers (id, text, is_correct, marks, comment, question_id, created_at, updated_at) VALUES ('3dc16679-590b-44af-b5ca-cd7868e2623f', '4 - Agree', NULL, '4', NULL, 'e4b53cc6-bd44-48a7-9fef-b5a739c6bccb', '2025-07-11T05:54:51.659809+00:00', '2025-07-11T05:54:51.659809+00:00');
INSERT INTO answers (id, text, is_correct, marks, comment, question_id, created_at, updated_at) VALUES ('0fce02f4-1d94-4733-87f4-cc5bf5f06344', '2 - Disagree', NULL, '2', NULL, 'e4b53cc6-bd44-48a7-9fef-b5a739c6bccb', '2025-07-11T05:54:51.659809+00:00', '2025-07-11T05:54:51.659809+00:00');
INSERT INTO answers (id, text, is_correct, marks, comment, question_id, created_at, updated_at) VALUES ('09d3a533-15f4-43d7-a763-c7ab622eab98', 'Neutral', NULL, '3', NULL, 'ed1b56a8-5f9c-4a84-a1b7-3d9eceb2d887', '2025-07-11T08:45:47.496124+00:00', '2025-07-11T08:45:47.496124+00:00');
INSERT INTO answers (id, text, is_correct, marks, comment, question_id, created_at, updated_at) VALUES ('7aa6c9df-aa6d-48e0-8d8f-18d8a8d2c3ea', 'Strongly agree', NULL, '5', NULL, 'ed1b56a8-5f9c-4a84-a1b7-3d9eceb2d887', '2025-07-11T08:45:47.496124+00:00', '2025-07-11T08:45:47.496124+00:00');
INSERT INTO answers (id, text, is_correct, marks, comment, question_id, created_at, updated_at) VALUES ('838eb164-136b-4e5e-b2ba-a9c5143bf209', 'Agree', NULL, '4', NULL, 'ed1b56a8-5f9c-4a84-a1b7-3d9eceb2d887', '2025-07-11T08:45:47.496124+00:00', '2025-07-11T08:45:47.496124+00:00');
INSERT INTO answers (id, text, is_correct, marks, comment, question_id, created_at, updated_at) VALUES ('b567fa9f-a75f-45e9-96a1-a4409da2f357', 'Strongly disagree', NULL, '1', NULL, 'ed1b56a8-5f9c-4a84-a1b7-3d9eceb2d887', '2025-07-11T08:45:47.496124+00:00', '2025-07-11T08:45:47.496124+00:00');
INSERT INTO answers (id, text, is_correct, marks, comment, question_id, created_at, updated_at) VALUES ('bb84a7ae-3c04-4ffb-a87c-654e6884414c', 'Disagree', NULL, '2', NULL, 'ed1b56a8-5f9c-4a84-a1b7-3d9eceb2d887', '2025-07-11T08:45:47.496124+00:00', '2025-07-11T08:45:47.496124+00:00');
INSERT INTO answers (id, text, is_correct, marks, comment, question_id, created_at, updated_at) VALUES ('4dd45a1b-6696-4f5c-a6de-be0b56f61b4f', 'No', NULL, '0', NULL, 'edefbdcc-8eb8-464c-a7e4-af645069b164', '2025-07-11T06:07:11.982804+00:00', '2025-07-11T06:07:11.982804+00:00');
INSERT INTO answers (id, text, is_correct, marks, comment, question_id, created_at, updated_at) VALUES ('7098945d-5a09-40e4-bafc-164386d35b42', 'Yes', NULL, '1', NULL, 'edefbdcc-8eb8-464c-a7e4-af645069b164', '2025-07-11T06:07:11.982804+00:00', '2025-07-11T06:07:11.982804+00:00');
INSERT INTO answers (id, text, is_correct, marks, comment, question_id, created_at, updated_at) VALUES ('64f46ad7-bc5f-41b0-bcee-ca443e412056', '3 - Neutral', NULL, '3', NULL, 'edfe25a9-c75c-448c-bd88-fb221e4965e0', '2025-07-11T05:54:49.961801+00:00', '2025-07-11T05:54:49.961801+00:00');
INSERT INTO answers (id, text, is_correct, marks, comment, question_id, created_at, updated_at) VALUES ('789549e1-7a66-4361-8cd0-89b044112e69', '1 - Strongly Disagree', NULL, '1', NULL, 'edfe25a9-c75c-448c-bd88-fb221e4965e0', '2025-07-11T05:54:49.961801+00:00', '2025-07-11T05:54:49.961801+00:00');
INSERT INTO answers (id, text, is_correct, marks, comment, question_id, created_at, updated_at) VALUES ('b3896595-5fbd-4ed5-b717-11fa28d1201f', '2 - Disagree', NULL, '2', NULL, 'edfe25a9-c75c-448c-bd88-fb221e4965e0', '2025-07-11T05:54:49.961801+00:00', '2025-07-11T05:54:49.961801+00:00');
INSERT INTO answers (id, text, is_correct, marks, comment, question_id, created_at, updated_at) VALUES ('83e805d7-b3e5-4901-8200-f1679b6d7120', '4 - Agree', NULL, '4', NULL, 'edfe25a9-c75c-448c-bd88-fb221e4965e0', '2025-07-11T05:54:49.961801+00:00', '2025-07-11T05:54:49.961801+00:00');
INSERT INTO answers (id, text, is_correct, marks, comment, question_id, created_at, updated_at) VALUES ('ecc53f29-14a1-45b6-8014-b45c5e7f419e', '5 - Strongly Agree', NULL, '5', NULL, 'edfe25a9-c75c-448c-bd88-fb221e4965e0', '2025-07-11T05:54:49.961801+00:00', '2025-07-11T05:54:49.961801+00:00');
INSERT INTO answers (id, text, is_correct, marks, comment, question_id, created_at, updated_at) VALUES ('fb61f1f3-09cd-47b0-a9c7-a5d006ee606a', '2 - Disagree', NULL, '2', NULL, 'eef12143-c645-4ad3-959e-c5c06f2465f7', '2025-07-11T05:54:58.03989+00:00', '2025-07-11T05:54:58.03989+00:00');
INSERT INTO answers (id, text, is_correct, marks, comment, question_id, created_at, updated_at) VALUES ('a93b494c-be68-4034-8753-2181fddc116a', '1 - Strongly Disagree', NULL, '1', NULL, 'eef12143-c645-4ad3-959e-c5c06f2465f7', '2025-07-11T05:54:58.03989+00:00', '2025-07-11T05:54:58.03989+00:00');
INSERT INTO answers (id, text, is_correct, marks, comment, question_id, created_at, updated_at) VALUES ('ee2b846a-6216-4438-b748-20c90f043d95', '5 - Strongly Agree', NULL, '5', NULL, 'eef12143-c645-4ad3-959e-c5c06f2465f7', '2025-07-11T05:54:58.03989+00:00', '2025-07-11T05:54:58.03989+00:00');
INSERT INTO answers (id, text, is_correct, marks, comment, question_id, created_at, updated_at) VALUES ('9667db0e-273a-4418-bcb7-5816573fadc4', '4 - Agree', NULL, '4', NULL, 'eef12143-c645-4ad3-959e-c5c06f2465f7', '2025-07-11T05:54:58.03989+00:00', '2025-07-11T05:54:58.03989+00:00');
INSERT INTO answers (id, text, is_correct, marks, comment, question_id, created_at, updated_at) VALUES ('d9a7896a-5480-4052-a3fb-536303c1c22b', '3 - Neutral', NULL, '3', NULL, 'eef12143-c645-4ad3-959e-c5c06f2465f7', '2025-07-11T05:54:58.03989+00:00', '2025-07-11T05:54:58.03989+00:00');
INSERT INTO answers (id, text, is_correct, marks, comment, question_id, created_at, updated_at) VALUES ('d8d374b0-0bfb-4eb3-9183-4df259d3db18', 'Free text answer', NULL, '10', 'This is a free text answer', 'f0a9f391-c50d-405d-8095-96ea10f17b14', '2025-03-03T16:02:02.827443+00:00', '2025-03-03T16:02:02.827443+00:00');
INSERT INTO answers (id, text, is_correct, marks, comment, question_id, created_at, updated_at) VALUES ('bcea7c8c-0960-4915-84e3-7b8a0b9c577b', '1 - Strongly Disagree', NULL, '1', NULL, 'f5c9263b-5bc9-4d5a-9f92-3e613d7493c4', '2025-07-11T05:54:57.576523+00:00', '2025-07-11T05:54:57.576523+00:00');
INSERT INTO answers (id, text, is_correct, marks, comment, question_id, created_at, updated_at) VALUES ('a5e248ce-4944-40af-ad6f-570f16cbb3fc', '3 - Neutral', NULL, '3', NULL, 'f5c9263b-5bc9-4d5a-9f92-3e613d7493c4', '2025-07-11T05:54:57.576523+00:00', '2025-07-11T05:54:57.576523+00:00');
INSERT INTO answers (id, text, is_correct, marks, comment, question_id, created_at, updated_at) VALUES ('3d9f8c38-cc0a-4f4c-a953-a698363fc285', '2 - Disagree', NULL, '2', NULL, 'f5c9263b-5bc9-4d5a-9f92-3e613d7493c4', '2025-07-11T05:54:57.576523+00:00', '2025-07-11T05:54:57.576523+00:00');
INSERT INTO answers (id, text, is_correct, marks, comment, question_id, created_at, updated_at) VALUES ('57d0723b-c96e-498e-a74f-56b24d5a6b79', '5 - Strongly Agree', NULL, '5', NULL, 'f5c9263b-5bc9-4d5a-9f92-3e613d7493c4', '2025-07-11T05:54:57.576523+00:00', '2025-07-11T05:54:57.576523+00:00');
INSERT INTO answers (id, text, is_correct, marks, comment, question_id, created_at, updated_at) VALUES ('34bf1a63-4f76-4c88-ab2f-b76a6c411dd9', '4 - Agree', NULL, '4', NULL, 'f5c9263b-5bc9-4d5a-9f92-3e613d7493c4', '2025-07-11T05:54:57.576523+00:00', '2025-07-11T05:54:57.576523+00:00');
INSERT INTO answers (id, text, is_correct, marks, comment, question_id, created_at, updated_at) VALUES ('c3361db9-05b8-4fde-9951-ab6a203a4a2f', 'Strongly disagree', NULL, '1', NULL, 'f84eeb57-4026-4767-8ad1-f02d2df0ce34', '2025-07-11T08:45:48.627447+00:00', '2025-07-11T08:45:48.627447+00:00');
INSERT INTO answers (id, text, is_correct, marks, comment, question_id, created_at, updated_at) VALUES ('af28a17d-48b6-46c4-814e-1fce237d3720', 'Neutral', NULL, '3', NULL, 'f84eeb57-4026-4767-8ad1-f02d2df0ce34', '2025-07-11T08:45:48.627447+00:00', '2025-07-11T08:45:48.627447+00:00');
INSERT INTO answers (id, text, is_correct, marks, comment, question_id, created_at, updated_at) VALUES ('b9dd0386-fa62-4526-9d8e-ecbfb07027f6', 'Agree', NULL, '4', NULL, 'f84eeb57-4026-4767-8ad1-f02d2df0ce34', '2025-07-11T08:45:48.627447+00:00', '2025-07-11T08:45:48.627447+00:00');
INSERT INTO answers (id, text, is_correct, marks, comment, question_id, created_at, updated_at) VALUES ('27b13217-7afd-4cc3-8b88-ec40f188d6a2', 'Strongly agree', NULL, '5', NULL, 'f84eeb57-4026-4767-8ad1-f02d2df0ce34', '2025-07-11T08:45:48.627447+00:00', '2025-07-11T08:45:48.627447+00:00');
INSERT INTO answers (id, text, is_correct, marks, comment, question_id, created_at, updated_at) VALUES ('179bccdd-4878-435f-9200-25d96f5b6394', 'Disagree', NULL, '2', NULL, 'f84eeb57-4026-4767-8ad1-f02d2df0ce34', '2025-07-11T08:45:48.627447+00:00', '2025-07-11T08:45:48.627447+00:00');
INSERT INTO answers (id, text, is_correct, marks, comment, question_id, created_at, updated_at) VALUES ('e76e8cdb-dc13-4b18-a79f-c1bc4c5dc5e2', 'No', NULL, '0', NULL, 'fd4cce9a-6a00-4f87-8b52-46e20dfdad0e', '2025-07-11T06:07:10.903965+00:00', '2025-07-11T06:07:10.903965+00:00');
INSERT INTO answers (id, text, is_correct, marks, comment, question_id, created_at, updated_at) VALUES ('706ba7c5-04f4-4740-9818-8e76f01d0f23', 'Yes', NULL, '1', NULL, 'fd4cce9a-6a00-4f87-8b52-46e20dfdad0e', '2025-07-11T06:07:10.903965+00:00', '2025-07-11T06:07:10.903965+00:00');
INSERT INTO answers (id, text, is_correct, marks, comment, question_id, created_at, updated_at) VALUES ('d6a4edcb-6694-4d22-b73c-287bc5d848ab', '3 - Neutral', NULL, '3', NULL, 'fe2ca3d9-529f-4951-812f-ebe3013fce04', '2025-07-11T05:54:49.334811+00:00', '2025-07-11T05:54:49.334811+00:00');
INSERT INTO answers (id, text, is_correct, marks, comment, question_id, created_at, updated_at) VALUES ('f48e0340-3c63-484e-acc0-8058e12d5094', '5 - Strongly Agree', NULL, '5', NULL, 'fe2ca3d9-529f-4951-812f-ebe3013fce04', '2025-07-11T05:54:49.334811+00:00', '2025-07-11T05:54:49.334811+00:00');
INSERT INTO answers (id, text, is_correct, marks, comment, question_id, created_at, updated_at) VALUES ('f8a2b930-8596-4715-88fa-0cda2f1b5dfd', '2 - Disagree', NULL, '2', NULL, 'fe2ca3d9-529f-4951-812f-ebe3013fce04', '2025-07-11T05:54:49.334811+00:00', '2025-07-11T05:54:49.334811+00:00');
INSERT INTO answers (id, text, is_correct, marks, comment, question_id, created_at, updated_at) VALUES ('76ad074b-96dc-4718-9f90-118ace413cc3', '1 - Strongly Disagree', NULL, '1', NULL, 'fe2ca3d9-529f-4951-812f-ebe3013fce04', '2025-07-11T05:54:49.334811+00:00', '2025-07-11T05:54:49.334811+00:00');
INSERT INTO answers (id, text, is_correct, marks, comment, question_id, created_at, updated_at) VALUES ('54350610-cbc7-498d-a003-18c8f7cd6e68', '4 - Agree', NULL, '4', NULL, 'fe2ca3d9-529f-4951-812f-ebe3013fce04', '2025-07-11T05:54:49.334811+00:00', '2025-07-11T05:54:49.334811+00:00');

-- Insert assessment_assignments data (10 records)
INSERT INTO assessment_assignments (id, user_id, assessment_id, assigned_by, assigned_at, due_date, status, scope, created_at, updated_at) VALUES ('d0978eb8-64e6-485f-968b-550308363f7e', '73d6ca9f-6cd4-4eb4-a15d-166d21766faf', '7c014a03-68f4-44e4-bc08-0098eb274fa4', NULL, '2025-03-05T14:01:30.648935+00:00', NULL, 'ASSIGNED', 'CLASS back office', '2025-03-05T14:01:30.648935+00:00', '2025-03-05T14:01:30.648935+00:00');
INSERT INTO assessment_assignments (id, user_id, assessment_id, assigned_by, assigned_at, due_date, status, scope, created_at, updated_at) VALUES ('94b5d86b-2f28-418c-9914-11a5f7711772', '4bffc056-a348-481b-a49e-f5d191ac203e', '7c014a03-68f4-44e4-bc08-0098eb274fa4', NULL, '2025-03-05T14:01:31.880539+00:00', NULL, 'COMPLETED', 'TradeWeb', '2025-03-05T14:01:31.880539+00:00', '2025-04-27T12:26:42.558253+00:00');
INSERT INTO assessment_assignments (id, user_id, assessment_id, assigned_by, assigned_at, due_date, status, scope, created_at, updated_at) VALUES ('7b5bedba-0635-40ce-90a3-451ad2945519', '4bffc056-a348-481b-a49e-f5d191ac203e', '0697e0f1-b519-4b7d-9146-4b8dbc34afe9', NULL, '2025-03-05T15:39:09.591+00:00', NULL, 'STARTED', 'BjjBrk IT Asses', '2025-03-05T15:39:09.591+00:00', '2025-07-11T09:14:56.098368+00:00');
INSERT INTO assessment_assignments (id, user_id, assessment_id, assigned_by, assigned_at, due_date, status, scope, created_at, updated_at) VALUES ('82fe867c-7d4f-43e0-86d3-f7e6d6e59d09', '73d6ca9f-6cd4-4eb4-a15d-166d21766faf', '0697e0f1-b519-4b7d-9146-4b8dbc34afe9', NULL, '2025-03-06T10:29:18.850048+00:00', NULL, 'ASSIGNED', 'Business Architecture', '2025-03-06T10:29:18.850048+00:00', '2025-03-06T10:29:18.850048+00:00');
INSERT INTO assessment_assignments (id, user_id, assessment_id, assigned_by, assigned_at, due_date, status, scope, created_at, updated_at) VALUES ('2b85ca06-b8d9-4a08-98b2-b7412fa25149', '73d6ca9f-6cd4-4eb4-a15d-166d21766faf', '1870e009-f8d3-4541-b715-c012897d631e', NULL, '2025-03-06T16:43:41.53231+00:00', NULL, 'ASSIGNED', 'CLASS', '2025-03-06T16:43:41.53231+00:00', '2025-03-06T16:43:41.53231+00:00');
INSERT INTO assessment_assignments (id, user_id, assessment_id, assigned_by, assigned_at, due_date, status, scope, created_at, updated_at) VALUES ('0239a187-2e2f-45e9-8baf-8b1e8acdf588', '4bffc056-a348-481b-a49e-f5d191ac203e', '1870e009-f8d3-4541-b715-c012897d631e', NULL, '2025-03-06T16:43:42.718625+00:00', NULL, 'ASSIGNED', 'OMNENEST', '2025-03-06T16:43:42.718625+00:00', '2025-03-06T16:43:42.718625+00:00');
INSERT INTO assessment_assignments (id, user_id, assessment_id, assigned_by, assigned_at, due_date, status, scope, created_at, updated_at) VALUES ('fe62f049-7896-46c6-9d36-c0c081b0a365', '73d6ca9f-6cd4-4eb4-a15d-166d21766faf', 'f5b59235-248c-490b-9020-7345529a56a3', NULL, '2025-07-11T06:45:57.083209+00:00', NULL, 'ASSIGNED', 'BJJBK', '2025-07-11T06:45:57.083209+00:00', '2025-07-11T06:45:57.083209+00:00');
INSERT INTO assessment_assignments (id, user_id, assessment_id, assigned_by, assigned_at, due_date, status, scope, created_at, updated_at) VALUES ('d50dee15-b778-4645-8bd3-edd8561a3da5', '4bffc056-a348-481b-a49e-f5d191ac203e', 'f5b59235-248c-490b-9020-7345529a56a3', NULL, '2025-07-11T06:46:02.977956+00:00', NULL, 'STARTED', 'BJJBK', '2025-07-11T06:46:02.977956+00:00', '2025-07-11T08:54:55.268059+00:00');
INSERT INTO assessment_assignments (id, user_id, assessment_id, assigned_by, assigned_at, due_date, status, scope, created_at, updated_at) VALUES ('40b3c90b-31c7-4038-902c-36a62020439c', '73d6ca9f-6cd4-4eb4-a15d-166d21766faf', '771f21c7-79dd-4e3c-ad2a-ecab16983ec2', NULL, '2025-07-11T07:01:50.447445+00:00', NULL, 'ASSIGNED', 'BJJBK', '2025-07-11T07:01:50.447445+00:00', '2025-07-11T07:01:50.447445+00:00');
INSERT INTO assessment_assignments (id, user_id, assessment_id, assigned_by, assigned_at, due_date, status, scope, created_at, updated_at) VALUES ('3e11022a-6350-4f22-a179-fad880ce91a1', '4bffc056-a348-481b-a49e-f5d191ac203e', '771f21c7-79dd-4e3c-ad2a-ecab16983ec2', NULL, '2025-07-11T07:01:55.712945+00:00', NULL, 'STARTED', 'BJJBK', '2025-07-11T07:01:55.712945+00:00', '2025-07-11T08:54:13.504473+00:00');

-- Insert assessment_submissions data (3 records)
INSERT INTO assessment_submissions (id, user_id, assessment_id, assignment_id, submitted_at, status, score, max_score, created_at, updated_at) VALUES ('e9877056-5640-4633-b668-3133b4bd2588', '4bffc056-a348-481b-a49e-f5d191ac203e', '7c014a03-68f4-44e4-bc08-0098eb274fa4', NULL, NULL, NULL, NULL, NULL, '2025-03-15T12:06:46.062498+00:00', '2025-03-15T12:06:46.062498+00:00');
INSERT INTO assessment_submissions (id, user_id, assessment_id, assignment_id, submitted_at, status, score, max_score, created_at, updated_at) VALUES ('33f5e35c-b431-4d10-ba85-474a5709bee9', '4bffc056-a348-481b-a49e-f5d191ac203e', '7c014a03-68f4-44e4-bc08-0098eb274fa4', NULL, NULL, NULL, NULL, NULL, '2025-03-15T12:06:46.142313+00:00', '2025-03-15T12:06:46.142313+00:00');
INSERT INTO assessment_submissions (id, user_id, assessment_id, assignment_id, submitted_at, status, score, max_score, created_at, updated_at) VALUES ('ab4b8354-5e13-4692-af1c-fd1e656433e3', '4bffc056-a348-481b-a49e-f5d191ac203e', '7c014a03-68f4-44e4-bc08-0098eb274fa4', NULL, NULL, NULL, NULL, NULL, '2025-04-27T12:03:25.277398+00:00', '2025-04-27T12:03:25.277398+00:00');

-- Insert topic_assignments data (1 records)
INSERT INTO topic_assignments (id, submission_id, topic_id, status, score, max_score, started_at, completed_at, created_at, updated_at) VALUES ('a3737d2e-50f2-4595-ba00-1f4aa0223f5a', NULL, '005162ce-e08a-497d-955b-d5cc954fcebd', 'COMPLETED', NULL, NULL, NULL, '2025-04-27T12:03:25.796+00:00', '2025-03-21T02:59:19.432023+00:00', '2025-04-27T12:03:26.045516+00:00');

-- Insert submitted_answers data (6 records)
INSERT INTO submitted_answers (id, submission_id, question_id, answer_id, text_answer, score, submitted_at, created_at, updated_at) VALUES ('0f51e9ae-abfe-455c-9bd7-2890a84294e8', '33f5e35c-b431-4d10-ba85-474a5709bee9', 'f0a9f391-c50d-405d-8095-96ea10f17b14', NULL, 'Jenkins', NULL, NULL, '2025-03-15T12:07:01.611232+00:00', '2025-03-15T12:07:01.611232+00:00');
INSERT INTO submitted_answers (id, submission_id, question_id, answer_id, text_answer, score, submitted_at, created_at, updated_at) VALUES ('aad03faa-00d5-4476-981e-28bb7c45097b', '33f5e35c-b431-4d10-ba85-474a5709bee9', '17fb3bdf-624e-40fd-8c8f-f555107c6f05', 'b9f73757-c23d-46ab-9e69-811c0829588d', NULL, NULL, NULL, '2025-03-15T12:07:01.723767+00:00', '2025-03-15T12:07:01.723767+00:00');
INSERT INTO submitted_answers (id, submission_id, question_id, answer_id, text_answer, score, submitted_at, created_at, updated_at) VALUES ('1f6f2842-9972-4847-b3c9-7ad34b51375c', '33f5e35c-b431-4d10-ba85-474a5709bee9', '0b2c9875-4426-497a-a68d-004f30482d3a', 'b42a0fa9-f449-486b-8589-b74350996fc9', NULL, NULL, NULL, '2025-03-15T12:07:01.859321+00:00', '2025-03-15T12:07:01.859321+00:00');
INSERT INTO submitted_answers (id, submission_id, question_id, answer_id, text_answer, score, submitted_at, created_at, updated_at) VALUES ('e08f7ea7-66c4-42b6-84e7-b41db418e4a7', 'ab4b8354-5e13-4692-af1c-fd1e656433e3', 'f0a9f391-c50d-405d-8095-96ea10f17b14', NULL, 'Jenkins', NULL, NULL, '2025-04-27T12:03:25.531048+00:00', '2025-04-27T12:03:25.531048+00:00');
INSERT INTO submitted_answers (id, submission_id, question_id, answer_id, text_answer, score, submitted_at, created_at, updated_at) VALUES ('b399f10b-5e2b-487a-8c8e-f47875d4e525', 'ab4b8354-5e13-4692-af1c-fd1e656433e3', '17fb3bdf-624e-40fd-8c8f-f555107c6f05', 'b9f73757-c23d-46ab-9e69-811c0829588d', NULL, NULL, NULL, '2025-04-27T12:03:25.655127+00:00', '2025-04-27T12:03:25.655127+00:00');
INSERT INTO submitted_answers (id, submission_id, question_id, answer_id, text_answer, score, submitted_at, created_at, updated_at) VALUES ('5a62d289-56e9-4982-9429-2ab6a2a17eca', 'ab4b8354-5e13-4692-af1c-fd1e656433e3', '0b2c9875-4426-497a-a68d-004f30482d3a', 'b42a0fa9-f449-486b-8589-b74350996fc9', NULL, NULL, NULL, '2025-04-27T12:03:25.766997+00:00', '2025-04-27T12:03:25.766997+00:00');

-- ===========================================
-- SCHEMA AND DATA EXPORT COMPLETED
-- Total records exported:
-- Profiles: 4
-- Assessments: 8
-- Topics: 29 (with icons)
-- Questions: 123
-- Answers: 501
-- Assignments: 10
-- Submissions: 3
-- Topic Assignments: 1
-- Submitted Answers: 6
-- ===========================================
